player_name,country,points,position,instagram_followers,youtube_subscribers,tiktok_followers,twitter_followers,wikipedia_views,gender,total_matches,total_wins,total_games_won,total_games_lost,tournaments_played,years_active,avg_round,max_round,matches_3set,avg_dominance,win_rate,game_diff,clutch_rate,wr_early,wr_mid,wr_late,wr_major,wr_p1,wr_p2,unique_partners,partner_loyalty,trajectory_slope,pts_growth,pos_improvement,gender_enc,country_enc,total_social,log_social,log_points,cluster,cluster_gmm,cluster_hier,segment,expected_wr,overperformance,points_per_match,anomaly_iso,anomaly_score,anomaly_lof
Maxime Moreau,FRA,1,2689,0.0,0.0,0.0,0.0,0.0,homme,3.0,0.0,33.0,42.0,2.0,2.0,1.3333333333333333,2.0,0.0,-0.12,0.0,-9.0,0.0,0.0,0.0,0.0,0.0,0.0,0.0,2.0,0.5,-881.0,-435.0,-2643.0,1,33,0.0,0.0,0.6931471805599453,1,1,0,Newcomers,0.0,0.0,0.3333333333333333,-1,-0.6951885878038023,-1
Nicolas Suescun,ITA,435,129,0.0,0.0,0.0,0.0,0.0,homme,14.0,5.0,123.0,147.0,7.0,3.0,1.4285714285714286,3.0,4.0,-0.0733153793865973,0.35714285714285715,-24.0,0.5,0.38461538461538464,0.0,0.35714285714285715,0.42857142857142855,0.2,0.5,5.0,0.2,-39.666666666666664,-239.0,-119.0,1,49,0.0,0.0,6.077642243349034,2,1,0,Contenders,0.952026775753068,-0.5948839186102108,31.071428571428573,1,-0.36396179907370374,1
Arturo Coello,ESP,19800,1,245000.0,45000.0,180000.0,34844.0,3530.0,homme,129.0,111.0,1528.0,841.0,40.0,3.0,3.4031007751937983,6.0,22.0,0.37545241201756013,0.8604651162790697,687.0,0.6818181818181818,0.875,0.918918918918919,0.7777777777777778,0.6818181818181818,0.8780487804878049,0.9166666666666666,1.0,1.0,5.5,13430.0,11.0,1,30,508374.0,13.138974643209526,9.893487720457795,3,3,1,Stars,0.9996281145407214,-0.13916299826165168,153.48837209302326,-1,-0.6516060614110714,-1
Agustin Tapia,ARG,19800,1,380000.0,62000.0,250000.0,85000.0,11200.0,homme,129.0,111.0,1528.0,841.0,40.0,3.0,3.4031007751937983,6.0,22.0,0.37545241201756013,0.8604651162790697,687.0,0.6818181818181818,0.875,0.918918918918919,0.7777777777777778,0.6818181818181818,0.8780487804878049,0.9166666666666666,1.0,1.0,5.5,12070.0,11.0,1,1,788200.0,13.57750841245576,9.893487720457795,3,3,1,Stars,0.9996281145407214,-0.13916299826165168,153.48837209302326,-1,-0.6516060614110714,-1
Alejandro Galan,ESP,17320,3,390000.0,58000.0,210000.0,78000.0,8900.0,homme,130.0,88.0,1239.0,1060.0,41.0,3.0,3.3,6.0,19.0,0.03834631336260436,0.676923076923077,179.0,0.631578947368421,0.4915254237288136,0.9230769230769231,0.71875,0.47368421052631576,0.42857142857142855,0.9076923076923077,2.0,0.5,-1.0,3920.0,-2.0,1,30,744900.0,13.521006602625542,9.75967491717028,3,3,1,Stars,0.9988843436221644,-0.3219612666990874,133.23076923076923,1,-0.47964921308548986,1
Federico Chingotto,ARG,17320,3,195000.0,15634.0,31673.0,18061.0,3895.0,homme,137.0,83.0,1282.0,1265.0,41.0,3.0,3.386861313868613,6.0,21.0,-0.05661741312192016,0.6058394160583942,17.0,0.5714285714285714,0.3389830508474576,0.8571428571428571,0.75,0.20833333333333334,0.38636363636363635,0.9076923076923077,4.0,0.25,2.0,8850.0,4.0,1,1,264263.0,12.484703882461536,9.75967491717028,3,3,1,Stars,0.9988843436221644,-0.3930449275637702,126.42335766423358,1,-0.47602539665064764,1
Franco Stupaczuk,ARG,7905,5,180000.0,14775.0,47500.0,16664.0,1361.0,homme,138.0,88.0,1590.0,1461.0,42.0,3.0,3.3550724637681157,6.0,46.0,0.037619390451540766,0.6376811594202898,129.0,0.6956521739130435,0.6491228070175439,0.723404255319149,0.5,0.5625,0.5882352941176471,0.75,4.0,0.25,-1.0,-5495.0,-2.0,1,1,260300.0,12.469593932696368,8.97537724385663,3,3,1,Stars,0.9981405727036073,-0.36045941328331754,57.28260869565217,1,-0.45093947785224975,1
Juan Lebron,ESP,7845,6,520000.0,85000.0,320000.0,95000.0,12500.0,homme,124.0,81.0,1486.0,1184.0,41.0,3.0,3.1774193548387095,6.0,41.0,0.16974157102213341,0.6532258064516129,302.0,0.5853658536585366,0.6607142857142857,0.7674418604651163,0.44,0.76,0.4883720930232558,0.7547169811320755,7.0,0.14285714285714285,-2.5,-5555.0,-5.0,1,30,1032500.0,13.847494572339858,8.967759126769497,3,3,1,Stars,0.9977686872443288,-0.3445428807927159,63.266129032258064,-1,-0.5084248193052767,1
Jorge Nieto,ESP,6322,7,0.0,0.0,0.0,0.0,0.0,homme,97.0,63.0,1210.0,1064.0,35.0,3.0,2.9072164948453607,6.0,40.0,0.08107620958767861,0.6494845360824743,146.0,0.65,0.673469387755102,0.6857142857142857,0.46153846153846156,0.5384615384615384,0.6333333333333333,0.7105263157894737,3.0,0.3333333333333333,0.0,0.0,0.0,1,30,0.0,0.0,8.751949058058614,2,3,2,Contenders,0.9973968017850502,-0.34791226570257594,65.17525773195877,1,-0.4275980418796575,1
Miguel Yanguas,ESP,6322,7,0.0,0.0,0.0,0.0,0.0,homme,120.0,71.0,1439.0,1208.0,45.0,3.0,2.841666666666667,6.0,28.0,0.12049428628197736,0.5916666666666667,231.0,0.32142857142857145,0.5846153846153846,0.6904761904761905,0.3076923076923077,0.46875,0.65,0.6521739130434783,6.0,0.16666666666666666,-1.5,1147.0,-3.0,1,30,0.0,0.0,8.751949058058614,3,3,2,Stars,0.9973968017850502,-0.4057301351183835,52.68333333333333,1,-0.48360229429165646,1
Francisco Navarro,ESP,6115,9,0.0,0.0,0.0,0.0,0.0,homme,121.0,74.0,1503.0,1331.0,43.0,3.0,3.024793388429752,6.0,49.0,0.08456869055602105,0.6115702479338843,172.0,0.5510204081632653,0.5737704918032787,0.7560975609756098,0.42105263157894735,0.5357142857142857,0.5277777777777778,0.7222222222222222,7.0,0.14285714285714285,-1.0,-3660.0,-2.0,1,30,0.0,0.0,8.718663567048953,3,3,2,Stars,0.9966530308664932,-0.3850827829326089,50.53719008264463,1,-0.42675881006086797,1
Leandro Augsburger,ARG,5155,10,0.0,0.0,0.0,0.0,0.0,homme,77.0,50.0,921.0,824.0,30.0,2.0,2.4935064935064934,6.0,36.0,0.05649450859195321,0.6493506493506493,97.0,0.6944444444444444,0.7333333333333333,0.5333333333333333,0.5,0.7142857142857143,0.6451612903225806,0.625,4.0,0.25,0.0,0.0,0.0,1,1,0.0,0.0,8.547916364059079,2,3,2,Contenders,0.9962811454072146,-0.34693049605656523,66.94805194805195,1,-0.4163765495564724,1
Jon Sanz,ESP,5125,11,30788.0,23021.0,12181.0,20259.0,3607.0,homme,136.0,86.0,1686.0,1490.0,43.0,3.0,2.8823529411764706,6.0,53.0,0.07191208896573578,0.6323529411764706,196.0,0.6037735849056604,0.6811594202898551,0.6274509803921569,0.4375,0.5263157894736842,0.5897435897435898,0.7222222222222222,4.0,0.25,3.5,2785.0,7.0,1,30,89856.0,11.405974796800882,8.542080906924017,3,3,1,Stars,0.995909259947936,-0.36355631877146544,37.68382352941177,1,-0.4430990394309364,1
Martin Di Nenno,ARG,5110,12,165000.0,17339.0,53768.0,26414.0,3427.0,homme,139.0,89.0,1571.0,1455.0,43.0,3.0,3.3093525179856114,6.0,46.0,0.022907690420483403,0.6402877697841727,116.0,0.7391304347826086,0.6101694915254238,0.8043478260869565,0.47058823529411764,0.5,0.6111111111111112,0.7647058823529411,6.0,0.16666666666666666,-4.5,-8290.0,-9.0,1,1,265948.0,12.491059840058112,8.53915035876828,3,3,1,Stars,0.9955373744886575,-0.35524960470448486,36.76258992805755,1,-0.4622313273175463,1
Francisco Guerrero,ESP,4410,14,0.0,0.0,0.0,0.0,0.0,homme,111.0,62.0,1258.0,1181.0,40.0,3.0,2.4594594594594597,5.0,48.0,0.04190663436334905,0.5585585585585585,77.0,0.4583333333333333,0.6617647058823529,0.4473684210526316,0.0,0.5,0.6341463414634146,0.5428571428571428,7.0,0.14285714285714285,0.3333333333333333,3772.0,1.0,1,30,0.0,0.0,8.39185670010494,2,3,2,Contenders,0.9947936035701004,-0.43623504501154187,39.729729729729726,1,-0.40815820223996613,1
Jeronimo Gonzalez,ESP,4350,15,0.0,0.0,0.0,0.0,0.0,homme,130.0,75.0,1560.0,1368.0,44.0,3.0,2.9384615384615387,6.0,42.0,0.0643462548821467,0.5769230769230769,192.0,0.47619047619047616,0.6935483870967742,0.5535714285714286,0.08333333333333333,0.3793103448275862,0.6041666666666666,0.68,8.0,0.125,-2.5,2597.0,-5.0,1,30,0.0,0.0,8.37816098272068,3,3,2,Stars,0.9944217181108219,-0.41749864118774505,33.46153846153846,1,-0.4396145142065828,1
Javier Leal,ESP,3665,16,0.0,0.0,0.0,0.0,0.0,homme,111.0,56.0,1328.0,1191.0,40.0,3.0,2.630630630630631,5.0,47.0,0.06070376914493668,0.5045045045045045,137.0,0.48936170212765956,0.6031746031746031,0.42857142857142855,0.0,0.3888888888888889,0.5135135135135135,0.6216216216216216,6.0,0.16666666666666666,6.0,2155.0,18.0,1,30,0.0,0.0,8.20685642839965,2,3,2,Contenders,0.9940498326515433,-0.4895453281470389,33.01801801801802,1,-0.42015338359708176,1
Juan Tello,ARG,3330,17,64645.0,18958.0,13468.0,14878.0,3038.0,homme,101.0,64.0,1254.0,1058.0,41.0,3.0,2.623762376237624,5.0,44.0,0.09723759782323459,0.6336633663366337,196.0,0.7045454545454546,0.6721311475409836,0.6764705882352942,0.0,0.6956521739130435,0.6744186046511628,0.5428571428571428,10.0,0.1,-3.5,-2000.0,-7.0,1,1,114987.0,11.652583054074688,8.11102783819368,3,3,1,Stars,0.9936779471922648,-0.3600145808556311,32.97029702970297,1,-0.4418300344698761,1
Eduardo Alonso,ESP,2955,18,0.0,0.0,0.0,0.0,0.0,homme,122.0,81.0,1399.0,1289.0,43.0,3.0,2.557377049180328,5.0,55.0,0.05246352649030305,0.6639344262295082,110.0,0.7090909090909091,0.726027397260274,0.6363636363636364,0.0,0.8,0.66,0.5428571428571428,6.0,0.16666666666666666,19.5,1747.0,39.0,1,30,0.0,0.0,7.991592282068092,2,3,2,Contenders,0.9933060617329862,-0.32937163550347803,24.221311475409838,1,-0.4513805388262113,1
Leonel Daniel Aguirre,ARG,2870,19,0.0,0.0,0.0,0.0,0.0,homme,40.0,18.0,437.0,419.0,21.0,2.0,2.4,6.0,14.0,0.06718013634207162,0.45,18.0,0.2857142857142857,0.5185185185185185,0.2727272727272727,0.5,0.6666666666666666,0.3333333333333333,0.4375,5.0,0.2,0.0,0.0,0.0,1,1,0.0,0.0,7.962415680121064,2,3,2,Contenders,0.9929341762737077,-0.5429341762737077,71.75,1,-0.3851759445530013,1
Gonzalo Gabriel Alfonso,ARG,2760,20,0.0,0.0,0.0,0.0,0.0,homme,44.0,22.0,499.0,449.0,22.0,3.0,2.3863636363636362,6.0,20.0,0.05354728695567845,0.5,50.0,0.45,0.6206896551724138,0.23076923076923078,0.5,0.6363636363636364,0.4375,0.47058823529411764,7.0,0.14285714285714285,0.0,0.0,0.0,1,1,0.0,0.0,7.923348211930154,2,3,2,Contenders,0.9925622908144291,-0.49256229081442915,62.72727272727273,1,-0.38245894971231015,1
Alejandro Ruiz,ESP,2570,21,0.0,0.0,0.0,0.0,0.0,homme,77.0,46.0,935.0,845.0,31.0,3.0,2.688311688311688,6.0,23.0,0.06443383484260526,0.5974025974025974,90.0,0.43478260869565216,0.6976744186046512,0.5172413793103449,0.2,0.631578947368421,0.5806451612903226,0.5925925925925926,8.0,0.125,-5.5,-6040.0,-11.0,1,30,0.0,0.0,7.852050207265889,2,3,2,Contenders,0.9921904053551506,-0.3947878079525532,33.37662337662338,1,-0.40740555248662796,1
Javier Garrido,ESP,2528,22,75550.0,15210.0,52443.0,10279.0,4502.0,homme,100.0,51.0,1176.0,1126.0,40.0,3.0,2.57,6.0,41.0,0.00629761753470641,0.51,50.0,0.5121951219512195,0.5161290322580645,0.5,0.5,0.375,0.5405405405405406,0.5789473684210527,15.0,0.06666666666666667,-2.5,-3562.0,-5.0,1,30,157984.0,11.970255370793469,7.835579246669965,3,3,1,Stars,0.9918185198958721,-0.4818185198958721,25.28,1,-0.38728700650775627,1
Javier Garcia,ESP,2500,23,0.0,0.0,0.0,0.0,0.0,homme,82.0,40.0,879.0,913.0,38.0,3.0,2.1707317073170733,4.0,38.0,-0.006174283787280678,0.4878048780487805,-34.0,0.5789473684210527,0.559322033898305,0.30434782608695654,0.4878048780487805,0.5238095238095238,0.5641025641025641,0.3181818181818182,4.0,0.25,374.5,1783.0,749.0,1,30,0.0,0.0,7.824445930877619,2,1,2,Contenders,0.9914466344365935,-0.503641756387813,30.48780487804878,1,-0.451361816265038,-1
Javier Barahona,ESP,2475,24,0.0,0.0,0.0,0.0,0.0,homme,95.0,52.0,1030.0,1062.0,38.0,3.0,2.2,4.0,48.0,-0.003809408443329534,0.5473684210526316,-32.0,0.5833333333333334,0.6666666666666666,0.27586206896551724,0.5473684210526316,0.5666666666666667,0.6341463414634146,0.375,3.0,0.3333333333333333,374.0,1758.0,748.0,1,30,0.0,0.0,7.814399633804487,2,1,2,Contenders,0.991074748977315,-0.44370632792468334,26.05263157894737,1,-0.46601186271676814,-1
Pablo Cardona,ESP,2400,25,58864.0,17602.0,5412.0,8145.0,2184.0,homme,115.0,67.0,1352.0,1222.0,40.0,3.0,2.5652173913043477,6.0,49.0,0.06278178126131335,0.5826086956521739,130.0,0.5306122448979592,0.5735294117647058,0.6585365853658537,0.16666666666666666,0.6060606060606061,0.47368421052631576,0.6744186046511628,10.0,0.1,34.5,1385.0,69.0,1,30,92207.0,11.431802173676447,7.783640596221253,3,3,1,Stars,0.9907028635180365,-0.4080941678658626,20.869565217391305,1,-0.4250019269279104,1
Alejandro Arroyo,ESP,2354,26,0.0,0.0,0.0,0.0,0.0,homme,111.0,73.0,1278.0,1228.0,43.0,3.0,2.3513513513513513,4.0,44.0,0.022866710344978725,0.6576576576576577,50.0,0.6363636363636364,0.6933333333333334,0.5833333333333334,0.6576576576576577,0.875,0.6363636363636364,0.37037037037037035,6.0,0.16666666666666666,0.5,397.0,1.0,1,30,0.0,0.0,7.764296006450518,2,3,2,Contenders,0.9903309780587579,-0.3326733204011002,21.207207207207208,1,-0.42367775476617153,1
Juanlu Esbri,ESP,2292,27,0.0,0.0,0.0,0.0,0.0,homme,98.0,54.0,1121.0,1040.0,38.0,3.0,2.204081632653061,5.0,46.0,0.048585021019303024,0.5510204081632653,81.0,0.5217391304347826,0.5774647887323944,0.52,0.0,0.6666666666666666,0.5,0.4642857142857143,10.0,0.1,15.0,1800.0,30.0,1,30,0.0,0.0,7.737616282857904,2,3,2,Contenders,0.9899590925994793,-0.4389386844362141,23.387755102040817,1,-0.3942512127439574,1
Lucas Campagnolo,BRA,2280,28,44432.0,17803.0,56706.0,17896.0,963.0,homme,110.0,57.0,1235.0,1203.0,39.0,3.0,2.2454545454545456,4.0,42.0,-0.001874556840947977,0.5181818181818182,32.0,0.5476190476190477,0.6666666666666666,0.2,0.5181818181818182,0.5897435897435898,0.4878048780487805,0.4666666666666667,9.0,0.1111111111111111,-3.6666666666666665,323.0,-11.0,1,9,137800.0,11.833565894429414,7.732369222284388,3,3,1,Stars,0.9895872071402008,-0.4714053889583826,20.727272727272727,1,-0.3930912036975925,1
Jairo Bautista,ESP,2201,30,0.0,0.0,0.0,0.0,0.0,homme,101.0,55.0,1145.0,1040.0,41.0,3.0,2.1683168316831685,4.0,45.0,0.09566669821434974,0.5445544554455446,105.0,0.5777777777777777,0.6438356164383562,0.2857142857142857,0.5445544554455446,0.6944444444444444,0.5,0.41379310344827586,10.0,0.1,4.0,1775.0,8.0,1,30,0.0,0.0,7.697121317282625,2,3,2,Contenders,0.9888434362216437,-0.44428898077609913,21.792079207920793,1,-0.3999384815653,1
Carlos Daniel Gutierrez,ARG,2148,31,0.0,0.0,0.0,0.0,0.0,homme,93.0,45.0,1043.0,1059.0,40.0,3.0,2.5483870967741935,6.0,41.0,-0.01763838686480282,0.4838709677419355,-16.0,0.43902439024390244,0.5,0.46153846153846156,0.4,0.5357142857142857,0.47368421052631576,0.4444444444444444,13.0,0.07692307692307693,-10.5,-6912.0,-21.0,1,1,0.0,0.0,7.67275789664251,2,3,2,Contenders,0.9884715507623651,-0.5046005830204296,23.096774193548388,1,-0.38563297888728815,1
Inigo Jofre,UAE,1941,32,0.0,0.0,0.0,0.0,0.0,homme,70.0,34.0,734.0,805.0,33.0,3.0,2.157142857142857,4.0,39.0,-0.07036919543374133,0.4857142857142857,-71.0,0.5128205128205128,0.48214285714285715,0.5,0.4857142857142857,0.56,0.5714285714285714,0.23529411764705882,5.0,0.2,22.0,1838.0,66.0,1,98,0.0,0.0,7.571473648851271,2,3,2,Contenders,0.9880996653030867,-0.5023853795888009,27.728571428571428,1,-0.384430987231889,1
Jose Antonio Diestro,ESP,1935,33,0.0,0.0,0.0,0.0,0.0,homme,84.0,44.0,944.0,883.0,37.0,3.0,2.1904761904761907,5.0,37.0,0.0229229924167481,0.5238095238095238,61.0,0.5135135135135135,0.5967741935483871,0.3333333333333333,0.0,0.5,0.5714285714285714,0.4782608695652174,11.0,0.09090909090909091,0.3333333333333333,835.0,1.0,1,30,0.0,0.0,7.568379267836522,2,3,2,Contenders,0.9877277798438081,-0.46391825603428427,23.035714285714285,1,-0.3828951598319691,1
Victor Ruiz,ESP,1794,34,50601.0,5589.0,27868.0,12192.0,2260.0,homme,103.0,55.0,1138.0,1057.0,39.0,3.0,2.203883495145631,4.0,35.0,0.0527395591459745,0.5339805825242718,81.0,0.5714285714285714,0.625,0.3225806451612903,0.5339805825242718,0.717948717948718,0.42105263157894735,0.4230769230769231,9.0,0.1111111111111111,-7.5,-1169.0,-15.0,1,30,98510.0,11.49792349605188,7.492760300922379,3,3,1,Stars,0.9873558943845295,-0.4533753118602577,17.41747572815534,1,-0.3917202736922591,1
David Gala Sanchez,ESP,1736,35,0.0,0.0,0.0,0.0,0.0,homme,24.0,11.0,236.0,232.0,14.0,2.0,1.75,3.0,5.0,0.04416957117565965,0.4583333333333333,4.0,0.4,0.47619047619047616,0.3333333333333333,0.4583333333333333,0.7142857142857143,0.36363636363636365,0.3333333333333333,4.0,0.25,287.5,1732.0,575.0,1,30,0.0,0.0,7.459914766241105,2,1,2,Contenders,0.9869840089252511,-0.5286506755919178,72.33333333333333,1,-0.42057326220144453,1
Jose Jimenez Casas,ESP,1591,36,0.0,0.0,0.0,0.0,0.0,homme,61.0,25.0,561.0,673.0,32.0,3.0,1.8360655737704918,4.0,24.0,-0.1469153036234979,0.4098360655737705,-112.0,0.4583333333333333,0.42857142857142855,0.2,0.4098360655737705,0.5,0.45454545454545453,0.2,11.0,0.09090909090909091,-8.333333333333334,1188.0,-25.0,1,30,0.0,0.0,7.3727463664043285,2,3,2,Contenders,0.9866121234659725,-0.576776057892202,26.081967213114755,1,-0.4112096698609792,1
Pablo Garcia Rodrigo,ESP,1580,37,0.0,0.0,0.0,0.0,0.0,homme,66.0,26.0,659.0,715.0,31.0,3.0,1.7272727272727273,4.0,29.0,-0.040536076019202776,0.3939393939393939,-56.0,0.4827586206896552,0.4098360655737705,0.2,0.3939393939393939,0.4,0.48,0.25,13.0,0.07692307692307693,-9.0,1211.0,-27.0,1,30,0.0,0.0,7.365812837209472,2,3,2,Contenders,0.9862402380066939,-0.5923008440673,23.939393939393938,1,-0.3783589937147523,1
Javier Ruiz,ESP,1518,38,0.0,0.0,0.0,0.0,0.0,homme,63.0,29.0,673.0,645.0,25.0,3.0,2.0634920634920637,4.0,26.0,0.06341590721012307,0.4603174603174603,28.0,0.38461538461538464,0.44680851063829785,0.5,0.4603174603174603,0.6428571428571429,0.23809523809523808,0.42857142857142855,7.0,0.14285714285714285,0.0,0.0,0.0,1,30,0.0,0.0,7.325807502595773,2,3,2,Contenders,0.9858683525474154,-0.5255508922299552,24.095238095238095,1,-0.3759586263124241,1
Francisco Cabeza Teres,ESP,1507,39,0.0,0.0,0.0,0.0,0.0,homme,19.0,13.0,171.0,174.0,9.0,1.0,2.1578947368421053,6.0,3.0,-0.0034297277814915373,0.6842105263157895,-3.0,0.6666666666666666,0.7142857142857143,0.5,1.0,1.0,0.0,0.625,3.0,0.3333333333333333,0.0,0.0,0.0,1,30,0.0,0.0,7.318539548567902,2,1,2,Contenders,0.9854964670881369,-0.3012859407723474,79.3157894736842,1,-0.40111221549096693,1
Pol Hernandez Alvarez,ESP,1506,40,0.0,0.0,0.0,0.0,0.0,homme,48.0,24.0,472.0,441.0,24.0,2.0,1.8125,3.0,15.0,0.031404835726160936,0.5,31.0,0.6,0.55,0.25,0.5,0.2,0.6774193548387096,0.14285714285714285,4.0,0.25,206.0,1362.0,412.0,1,30,0.0,0.0,7.317876198626496,2,1,2,Contenders,0.9851245816288583,-0.4851245816288583,31.375,1,-0.40107298651554246,1
Guillermo Collado Losada,ESP,1463,41,0.0,0.0,0.0,0.0,0.0,homme,40.0,15.0,378.0,452.0,17.0,2.0,2.025,4.0,18.0,-0.11560813628117728,0.375,-74.0,0.5555555555555556,0.4666666666666667,0.1,0.375,0.1,0.5555555555555556,0.3333333333333333,4.0,0.25,310.0,1458.0,620.0,1,30,0.0,0.0,7.288927694521257,2,1,2,Contenders,0.9847526961695797,-0.6097526961695797,36.575,1,-0.4381782331251249,1
Gonzalo Rubio,ESP,1461,42,0.0,0.0,0.0,0.0,0.0,homme,92.0,49.0,962.0,885.0,38.0,3.0,1.8804347826086956,4.0,34.0,0.0867668090036334,0.532608695652174,77.0,0.4411764705882353,0.5714285714285714,0.3333333333333333,0.532608695652174,0.7027027027027027,0.46875,0.34782608695652173,8.0,0.125,-7.5,-1219.0,-15.0,1,30,0.0,0.0,7.2875606403097235,2,3,2,Contenders,0.9843808107103013,-0.4517721150581273,15.880434782608695,1,-0.403982168221212,1
Maximiliano Sanchez Blasco,ARG,1449,43,0.0,0.0,0.0,0.0,0.0,homme,14.0,8.0,146.0,137.0,6.0,3.0,1.6428571428571428,3.0,7.0,-0.045964431749711376,0.5714285714285714,9.0,0.7142857142857143,0.6153846153846154,0.0,0.5714285714285714,0.75,0.5,0.5714285714285714,3.0,0.3333333333333333,0.0,0.0,0.0,1,1,0.0,0.0,7.27931883541462,2,1,2,Contenders,0.9840089252510227,-0.4125803538224513,103.5,1,-0.3984773171882333,1
Valentino Gabriel Libaak,ARG,1447,44,0.0,0.0,0.0,0.0,0.0,homme,31.0,12.0,389.0,348.0,16.0,2.0,2.3870967741935485,5.0,17.0,0.06432769953392921,0.3870967741935484,41.0,0.4117647058823529,0.42857142857142855,0.3333333333333333,0.0,0.4,0.45454545454545453,0.0,5.0,0.2,0.0,0.0,0.0,1,1,0.0,0.0,7.277938572945661,2,3,2,Contenders,0.9836370397917441,-0.5965402655981957,46.67741935483871,1,-0.38278903342387427,1
Lucas Bergamini,BRA,4550,13,55187.0,11271.0,13687.0,20070.0,2808.0,homme,129.0,74.0,1505.0,1376.0,44.0,3.0,2.7209302325581395,6.0,54.0,0.07365689950448104,0.5736434108527132,129.0,0.6111111111111112,0.5915492957746479,0.6041666666666666,0.3,0.5641025641025641,0.5238095238095238,0.6521739130434783,6.0,0.16666666666666666,3.0,2205.0,6.0,1,9,103023.0,11.542717249777965,8.423102268016642,3,3,1,Stars,0.995165489029379,-0.42152207817666576,35.27131782945737,1,-0.4196675277653037,1
Pablo Lijo,ESP,1390,46,0.0,0.0,0.0,0.0,0.0,homme,81.0,46.0,855.0,780.0,32.0,3.0,1.8271604938271604,4.0,25.0,0.051758430058004276,0.5679012345679012,75.0,0.36,0.6,0.36363636363636365,0.5679012345679012,0.76,0.55,0.3125,6.0,0.16666666666666666,0.0,0.0,0.0,1,30,0.0,0.0,7.237778191923443,2,3,2,Contenders,0.9828932688731871,-0.41499203430528586,17.160493827160494,1,-0.4017062151091944,1
Diego Garcia Garcia,ESP,1379,47,0.0,0.0,0.0,0.0,0.0,homme,8.0,4.0,62.0,95.0,5.0,1.0,2.875,6.0,3.0,-0.2698142689229277,0.5,-33.0,0.6666666666666666,0.25,0.6666666666666666,1.0,0.0,0.0,0.8,3.0,0.3333333333333333,0.0,0.0,0.0,1,30,0.0,0.0,7.22983877815125,2,1,0,Contenders,0.9825213834139085,-0.4825213834139085,172.375,1,-0.4436220796355971,1
Nuno Deus,POR,1367,48,0.0,0.0,0.0,0.0,0.0,homme,46.0,21.0,459.0,563.0,23.0,2.0,1.8695652173913044,3.0,26.0,-0.13702007699101587,0.45652173913043476,-104.0,0.34615384615384615,0.5128205128205128,0.14285714285714285,0.45652173913043476,0.4666666666666667,0.45454545454545453,0.4444444444444444,2.0,0.5,124.5,1343.0,249.0,1,78,0.0,0.0,7.221105098182496,2,1,2,Contenders,0.98214949795463,-0.5256277588241953,29.717391304347824,1,-0.41250122656454413,1
Miguel Deus,POR,1367,48,0.0,0.0,0.0,0.0,0.0,homme,47.0,21.0,482.0,567.0,23.0,2.0,1.7872340425531914,3.0,23.0,-0.11237403549082857,0.44680851063829785,-85.0,0.391304347826087,0.5,0.14285714285714285,0.44680851063829785,0.4117647058823529,0.47619047619047616,0.4444444444444444,3.0,0.3333333333333333,124.5,1226.0,249.0,1,78,0.0,0.0,7.221105098182496,2,1,2,Contenders,0.98214949795463,-0.5353409873163322,29.085106382978722,1,-0.39749326890462877,1
Alvaro Cepero,ESP,1325,50,0.0,0.0,0.0,0.0,0.0,homme,67.0,27.0,693.0,744.0,32.0,3.0,1.8656716417910448,4.0,33.0,-0.004992756176805092,0.40298507462686567,-51.0,0.2727272727272727,0.4482758620689655,0.1111111111111111,0.40298507462686567,0.45454545454545453,0.4642857142857143,0.23529411764705882,10.0,0.1,-2.3333333333333335,542.0,-7.0,1,30,0.0,0.0,7.189922170745808,2,3,2,Contenders,0.9814057270360729,-0.5784206524092073,19.776119402985074,1,-0.3844708474714419,1
Maximiliano Sanchez,ARG,1293,51,0.0,0.0,0.0,0.0,0.0,homme,79.0,47.0,908.0,900.0,33.0,3.0,2.329113924050633,4.0,33.0,-0.008896115618433028,0.5949367088607594,8.0,0.7575757575757576,0.6981132075471698,0.38461538461538464,0.5949367088607594,0.8125,0.44,0.45454545454545453,6.0,0.16666666666666666,0.0,0.0,0.0,1,1,0.0,0.0,7.165493475060845,2,3,2,Contenders,0.9810338415767943,-0.38609713271603485,16.367088607594937,1,-0.4077069682283974,1
Eduardo Agustin Torre,ARG,1209,52,0.0,0.0,0.0,0.0,0.0,homme,16.0,7.0,163.0,178.0,10.0,2.0,1.875,3.0,11.0,-0.061635325860383325,0.4375,-15.0,0.6363636363636364,0.5,0.0,0.4375,0.4,0.5,0.3333333333333333,5.0,0.2,213.0,1112.0,426.0,1,1,0.0,0.0,7.098375638590786,2,1,2,Contenders,0.9806619561175158,-0.5431619561175158,75.5625,1,-0.41120568734315394,1
Juan Ignacio Rubini,ARG,1184,53,0.0,0.0,0.0,0.0,0.0,homme,12.0,5.0,125.0,132.0,7.0,2.0,1.5833333333333333,2.0,3.0,-0.05512481117542364,0.4166666666666667,-7.0,0.6666666666666666,0.4166666666666667,0.4166666666666667,0.4166666666666667,0.0,0.5555555555555556,0.0,3.0,0.3333333333333333,0.0,0.0,0.0,1,1,0.0,0.0,7.077498053569231,2,1,0,Contenders,0.9802900706582373,-0.5636234039915706,98.66666666666667,1,-0.38223006327726916,1
Denis Tomas Perino,ITA,1181,54,0.0,0.0,0.0,0.0,0.0,homme,51.0,26.0,514.0,520.0,25.0,3.0,1.7843137254901962,3.0,19.0,-0.005222623604741046,0.5098039215686274,-6.0,0.5789473684210527,0.4888888888888889,0.6666666666666666,0.5098039215686274,0.7142857142857143,0.4166666666666667,0.16666666666666666,9.0,0.1111111111111111,-4.333333333333333,43.0,-13.0,1,49,0.0,0.0,7.074963197966044,2,3,2,Contenders,0.9799181851989587,-0.47011426363033126,23.15686274509804,1,-0.36283685479905486,1
Ignacio Piotto Albornoz,ARG,1169,55,0.0,0.0,0.0,0.0,0.0,homme,38.0,10.0,379.0,459.0,23.0,3.0,1.605263157894737,3.0,16.0,-0.1407937656850228,0.2631578947368421,-80.0,0.25,0.25,0.5,0.2631578947368421,0.35714285714285715,0.23809523809523808,0.0,9.0,0.1111111111111111,-14.666666666666666,353.0,-44.0,1,1,0.0,0.0,7.064759027791802,2,1,2,Contenders,0.9795462997396802,-0.7163884050028382,30.763157894736842,1,-0.4070203137910618,1
Ignacio Sager,ESP,1145,56,72116.0,6677.0,7486.0,8578.0,1199.0,homme,82.0,36.0,868.0,926.0,37.0,3.0,1.8902439024390243,5.0,35.0,-0.0408364584965101,0.43902439024390244,-58.0,0.45714285714285713,0.5,0.2,0.0,0.5185185185185185,0.4857142857142857,0.25,9.0,0.1111111111111111,-1.3333333333333333,247.0,-4.0,1,30,96056.0,11.472697044250184,7.044032897274685,2,3,1,Contenders,0.9791744142804016,-0.5401500240364991,13.963414634146341,1,-0.38427529564799834,1
Luis Hernandez Quesada,ESP,1138,57,0.0,0.0,0.0,0.0,0.0,homme,69.0,36.0,689.0,741.0,33.0,3.0,1.7826086956521738,4.0,30.0,-0.029577472088239912,0.5217391304347826,-52.0,0.5,0.546875,0.2,0.5217391304347826,0.46153846153846156,0.75,0.2,6.0,0.16666666666666666,-9.333333333333334,559.0,-28.0,1,30,0.0,0.0,7.037905963447182,2,3,2,Contenders,0.9788025288211231,-0.45706339838634047,16.492753623188406,1,-0.372392927827701,1
Andres Fernandez Lancha,ESP,1104,58,0.0,0.0,0.0,0.0,0.0,homme,29.0,9.0,320.0,325.0,15.0,2.0,2.0344827586206895,4.0,13.0,0.021432068925586235,0.3103448275862069,-5.0,0.23076923076923078,0.30434782608695654,0.3333333333333333,0.3103448275862069,0.2,0.4117647058823529,0.14285714285714285,7.0,0.14285714285714285,339.0,1061.0,678.0,1,30,0.0,0.0,7.007600613951853,2,1,2,Contenders,0.9784306433618446,-0.6680858157756377,38.06896551724138,1,-0.44688795304997214,1
Maximiliano Arce Simo,ARG,1085,59,0.0,0.0,0.0,0.0,0.0,homme,21.0,15.0,226.0,171.0,8.0,1.0,2.2857142857142856,4.0,4.0,0.11286826324199167,0.7142857142857143,55.0,1.0,0.7692307692307693,0.625,0.7142857142857143,1.0,0.7058823529411765,0.5,4.0,0.25,0.0,0.0,0.0,1,1,0.0,0.0,6.990256500493881,2,1,2,Contenders,0.978058757902566,-0.2637730436168517,51.666666666666664,1,-0.457478016050935,1
Alex Chozas,ARG,2252,29,0.0,0.0,0.0,0.0,0.0,homme,92.0,48.0,968.0,1036.0,39.0,3.0,2.2282608695652173,4.0,42.0,-0.06985789250528712,0.5217391304347826,-68.0,0.5476190476190477,0.5970149253731343,0.32,0.5217391304347826,0.6,0.5384615384615384,0.42857142857142855,14.0,0.07142857142857142,-9.333333333333334,1889.0,-28.0,1,1,0.0,0.0,7.720017940432244,2,3,2,Contenders,0.9892153216809223,-0.4674761912461397,24.47826086956522,1,-0.4021933623769301,1
Jose Luis Gonzalez,ESP,1060,60,0.0,0.0,0.0,0.0,0.0,homme,26.0,9.0,216.0,272.0,13.0,3.0,1.4230769230769231,2.0,4.0,-0.09904860855737449,0.34615384615384615,-56.0,0.0,0.34615384615384615,0.34615384615384615,0.34615384615384615,0.4117647058823529,0.25,0.0,6.0,0.16666666666666666,3.0,238.0,9.0,1,30,0.0,0.0,6.966967138613983,0,1,0,Regulars,0.9776868724432874,-0.6315330262894413,40.76923076923077,1,-0.40315136643932986,1
Facundo Dominguez,ITA,1040,62,0.0,0.0,0.0,0.0,0.0,homme,53.0,19.0,476.0,559.0,28.0,3.0,1.6226415094339623,3.0,18.0,-0.07856419495703379,0.3584905660377358,-83.0,0.3888888888888889,0.38,0.0,0.3584905660377358,0.23809523809523808,0.52,0.14285714285714285,19.0,0.05263157894736842,-6.333333333333333,155.0,-19.0,1,49,0.0,0.0,6.947937068614969,2,3,2,Contenders,0.9769431015247304,-0.6184525354869945,19.62264150943396,1,-0.3965455031463771,1
Antonio Fernandez,ESP,1024,63,0.0,0.0,0.0,0.0,0.0,homme,71.0,28.0,666.0,749.0,34.0,3.0,1.8450704225352113,4.0,29.0,-0.08925418657925333,0.39436619718309857,-83.0,0.5172413793103449,0.4406779661016949,0.16666666666666666,0.39436619718309857,0.4444444444444444,0.36,0.3684210526315789,11.0,0.09090909090909091,10.333333333333334,119.0,31.0,1,30,0.0,0.0,6.932447891572509,2,3,2,Contenders,0.9765712160654518,-0.5822050188823533,14.422535211267606,1,-0.39201305545080833,1
Enzo Jensen Sirvent,ITA,1003,64,0.0,0.0,0.0,0.0,0.0,homme,20.0,4.0,209.0,240.0,11.0,2.0,1.75,3.0,8.0,-0.059353085510980244,0.2,-31.0,0.125,0.1111111111111111,1.0,0.2,0.0,0.2222222222222222,0.5,6.0,0.16666666666666666,-12.5,677.0,-25.0,1,49,0.0,0.0,6.911747300251674,0,1,0,Regulars,0.9761993306061733,-0.7761993306061732,50.15,1,-0.4083456036046454,1
Javier Martinez,ESP,982,66,0.0,0.0,0.0,0.0,0.0,homme,64.0,25.0,634.0,706.0,28.0,3.0,1.625,3.0,26.0,-0.06314415373073465,0.390625,-72.0,0.5769230769230769,0.423728813559322,0.0,0.390625,0.5,0.36,0.18181818181818182,12.0,0.08333333333333333,-8.0,282.0,-24.0,1,30,0.0,0.0,6.890609120147166,2,3,2,Contenders,0.9754555596876162,-0.5848305596876162,15.34375,1,-0.3851547951758137,1
Juan Cruz Belluati,ARG,975,67,0.0,0.0,0.0,0.0,0.0,homme,78.0,31.0,810.0,879.0,35.0,3.0,1.7435897435897436,4.0,34.0,-0.03065370640049858,0.3974358974358974,-69.0,0.35294117647058826,0.4142857142857143,0.25,0.3974358974358974,0.32,0.5428571428571428,0.2222222222222222,12.0,0.08333333333333333,-17.5,-870.0,-35.0,1,1,0.0,0.0,6.883462586413092,2,3,2,Contenders,0.9750836742283376,-0.5776477767924402,12.5,1,-0.3934434232032963,1
Aris Patiniotis,ITA,965,68,0.0,0.0,0.0,0.0,0.0,homme,65.0,25.0,636.0,668.0,34.0,3.0,1.6923076923076923,3.0,24.0,0.009356015184914912,0.38461538461538464,-32.0,0.375,0.38596491228070173,0.375,0.38461538461538464,0.42857142857142855,0.46875,0.08333333333333333,12.0,0.08333333333333333,-14.0,424.0,-42.0,1,49,0.0,0.0,6.873163834212518,2,3,2,Contenders,0.9747117887690592,-0.5900964041536745,14.846153846153847,1,-0.379075617617682,1
Alonso Rodriguez Martinez,ESP,964,69,0.0,0.0,0.0,0.0,0.0,homme,23.0,6.0,200.0,271.0,14.0,3.0,1.434782608695652,2.0,5.0,-0.1863218923408306,0.2608695652173913,-71.0,0.6,0.2608695652173913,0.2608695652173913,0.2608695652173913,0.25,0.3333333333333333,0.0,8.0,0.125,286.5,920.0,573.0,1,30,0.0,0.0,6.872128101338986,2,1,2,Contenders,0.9743399033097806,-0.7134703380923892,41.91304347826087,1,-0.4644020529789103,1
Mario Del Castillo,ESP,963,70,0.0,0.0,0.0,0.0,0.0,homme,50.0,24.0,466.0,496.0,21.0,3.0,1.74,4.0,12.0,-0.05474193678499103,0.48,-30.0,0.25,0.4883720930232558,0.42857142857142855,0.48,0.5172413793103449,0.47368421052631576,0.0,10.0,0.1,1.0,154.0,3.0,1,30,0.0,0.0,6.871091294610546,2,3,2,Contenders,0.973968017850502,-0.49396801785050204,19.26,1,-0.37516503444850147,1
Mario Huete Hernandez,ESP,962,71,0.0,0.0,0.0,0.0,0.0,homme,49.0,26.0,505.0,508.0,16.0,3.0,1.5918367346938775,3.0,20.0,0.0031269397704928766,0.5306122448979592,-3.0,0.7,0.5416666666666666,0.0,0.5306122448979592,0.6071428571428571,0.42857142857142855,0.5306122448979592,13.0,0.07692307692307693,-23.0,163.0,-69.0,1,30,0.0,0.0,6.870053411798126,2,3,2,Contenders,0.9735961323912236,-0.44298388749326434,19.632653061224488,1,-0.37766522560947013,1
Marc Sintes Villalonga,ESP,954,72,0.0,0.0,0.0,0.0,0.0,homme,10.0,4.0,108.0,95.0,7.0,1.0,2.0,4.0,3.0,0.08728810663021189,0.4,13.0,0.3333333333333333,0.42857142857142855,0.3333333333333333,0.4,0.5,0.3333333333333333,0.5,3.0,0.3333333333333333,0.0,0.0,0.0,1,30,0.0,0.0,6.86171134048073,2,1,0,Contenders,0.973224246931945,-0.573224246931945,95.4,1,-0.3847647529758105,1
Marco Cassetta,ITA,953,73,0.0,0.0,0.0,0.0,0.0,homme,20.0,3.0,167.0,250.0,8.0,3.0,1.25,2.0,7.0,-0.21127626759205706,0.15,-83.0,0.0,0.15,0.15,0.15,0.25,0.0,0.0,8.0,0.125,-21.333333333333332,371.0,-64.0,1,49,0.0,0.0,6.860663671448287,0,1,0,Regulars,0.9728523614726664,-0.8228523614726664,47.65,1,-0.44276660458478423,1
Mario Ortega,ESP,947,74,0.0,0.0,0.0,0.0,0.0,homme,42.0,11.0,388.0,489.0,17.0,3.0,1.4761904761904763,4.0,17.0,-0.1434727809809594,0.2619047619047619,-101.0,0.29411764705882354,0.2564102564102564,0.3333333333333333,0.2619047619047619,0.058823529411764705,0.45,0.2,11.0,0.09090909090909091,3.0,191.0,9.0,1,30,0.0,0.0,6.854354502255021,2,1,2,Contenders,0.9724804760133878,-0.710575714108626,22.547619047619047,1,-0.4179811703615342,1
Flavio Abbate,ITA,945,75,0.0,0.0,0.0,0.0,0.0,homme,18.0,1.0,148.0,240.0,9.0,3.0,1.3333333333333333,2.0,5.0,-0.267772530846876,0.05555555555555555,-92.0,0.2,0.05555555555555555,0.05555555555555555,0.05555555555555555,0.0,0.14285714285714285,0.0,4.0,0.25,100.5,919.0,201.0,1,49,0.0,0.0,6.852242569051878,0,1,0,Regulars,0.9721085905541094,-0.9165530349985538,52.5,1,-0.482632545198121,1
Francisco Manuel Gil,ESP,1398,45,0.0,0.0,0.0,0.0,0.0,homme,62.0,29.0,656.0,655.0,28.0,3.0,1.967741935483871,4.0,31.0,-0.030209429542983116,0.46774193548387094,1.0,0.5161290322580645,0.49019607843137253,0.36363636363636365,0.46774193548387094,0.6071428571428571,0.36363636363636365,0.3333333333333333,6.0,0.16666666666666666,0.0,0.0,0.0,1,30,0.0,0.0,7.243512974665482,2,3,2,Contenders,0.9832651543324656,-0.5155232188485948,22.548387096774192,1,-0.3626953468888661,1
Emilio Sanchez Chamero,ESP,940,77,0.0,0.0,0.0,0.0,0.0,homme,48.0,21.0,464.0,430.0,25.0,3.0,1.75,4.0,12.0,0.05113090366229824,0.4375,34.0,0.3333333333333333,0.4318181818181818,0.5,0.4375,0.4117647058823529,0.4782608695652174,0.375,8.0,0.125,-17.0,550.0,-51.0,1,30,0.0,0.0,6.846943139585379,2,3,2,Contenders,0.9713648196355522,-0.5338648196355522,19.583333333333332,1,-0.3736373194506329,1
Anton Sans,ESP,931,78,0.0,0.0,0.0,0.0,0.0,homme,41.0,18.0,390.0,408.0,21.0,3.0,1.6097560975609757,3.0,17.0,-0.03421697511050282,0.43902439024390244,-18.0,0.5294117647058824,0.46153846153846156,0.0,0.43902439024390244,0.5,0.44,0.25,6.0,0.16666666666666666,-5.0,153.0,-15.0,1,30,0.0,0.0,6.837332814685591,2,3,2,Contenders,0.9709929341762737,-0.5319685439323714,22.70731707317073,1,-0.3570576232507333,1
Marc Quilez,ESP,911,80,0.0,0.0,0.0,0.0,0.0,homme,46.0,17.0,441.0,478.0,26.0,3.0,1.5869565217391304,3.0,17.0,-0.029678889904779605,0.3695652173913043,-37.0,0.5294117647058824,0.38636363636363635,0.0,0.3695652173913043,0.3125,0.48,0.0,8.0,0.125,-2.6666666666666665,94.0,-8.0,1,30,0.0,0.0,6.815639990074331,2,3,2,Contenders,0.9702491632577166,-0.6006839458664123,19.804347826086957,1,-0.3689552142299549,1
Teodoro Zapata,ESP,911,80,0.0,0.0,0.0,0.0,0.0,homme,89.0,37.0,841.0,1026.0,40.0,3.0,2.0112359550561796,4.0,39.0,-0.11631859704978782,0.4157303370786517,-185.0,0.3076923076923077,0.4647887323943662,0.2222222222222222,0.4157303370786517,0.4444444444444444,0.47368421052631576,0.2916666666666667,6.0,0.16666666666666666,-5.666666666666667,200.0,-17.0,1,30,0.0,0.0,6.815639990074331,2,3,2,Contenders,0.9702491632577166,-0.5545188261790649,10.235955056179776,1,-0.4758784852688985,1
Alvaro Montiel Caruso,ITA,878,83,0.0,0.0,0.0,0.0,0.0,homme,16.0,5.0,147.0,178.0,8.0,2.0,1.5,2.0,5.0,-0.062047407258198455,0.3125,-31.0,0.2,0.3125,0.3125,0.3125,0.16666666666666666,0.4444444444444444,0.0,5.0,0.2,-16.666666666666668,387.0,-50.0,1,49,0.0,0.0,6.778784897685177,0,1,0,Regulars,0.969133506879881,-0.656633506879881,54.875,1,-0.3777846198390604,1
Javier Valdes,CHI,853,84,0.0,0.0,0.0,0.0,0.0,homme,63.0,29.0,588.0,560.0,31.0,3.0,1.746031746031746,3.0,12.0,0.03246551585456179,0.4603174603174603,28.0,0.4166666666666667,0.47368421052631576,0.3333333333333333,0.4603174603174603,0.34782608695652173,0.6428571428571429,0.25,9.0,0.1111111111111111,453.0,824.0,906.0,1,14,0.0,0.0,6.74993119378857,2,1,2,Contenders,0.9687616214206024,-0.5084441611031421,13.53968253968254,1,-0.46882652407382824,-1
Ramiro Jesus Valenzuela,ARG,848,85,0.0,0.0,0.0,0.0,0.0,homme,36.0,23.0,348.0,258.0,20.0,2.0,1.8333333333333333,3.0,7.0,0.17555122370653847,0.6388888888888888,90.0,0.5714285714285714,0.59375,1.0,0.6388888888888888,0.25,0.8148148148148148,0.0,3.0,0.3333333333333333,183.5,828.0,367.0,1,1,0.0,0.0,6.744059186311348,2,1,2,Contenders,0.9683897359613239,-0.3295008470724351,23.555555555555557,1,-0.47218697965959067,1
Agustin Gutierrez,ARG,839,86,0.0,0.0,0.0,0.0,0.0,homme,70.0,31.0,719.0,726.0,32.0,3.0,1.7857142857142858,4.0,22.0,-0.011161684908993915,0.44285714285714284,-7.0,0.22727272727272727,0.4838709677419355,0.125,0.44285714285714284,0.45,0.5,0.2,6.0,0.16666666666666666,-18.333333333333332,-591.0,-55.0,1,1,0.0,0.0,6.733401891837359,2,3,2,Contenders,0.9680178505020454,-0.5251607076449025,11.985714285714286,1,-0.3889607608810799,1
Miguel Lamperti,ARG,818,88,33437.0,24525.0,9030.0,9827.0,4717.0,homme,68.0,30.0,693.0,684.0,31.0,3.0,1.7647058823529411,4.0,18.0,0.013715570491570994,0.4411764705882353,9.0,0.5555555555555556,0.4406779661016949,0.4444444444444444,0.4411764705882353,0.5238095238095238,0.4666666666666667,0.29411764705882354,12.0,0.08333333333333333,-15.666666666666666,-143.0,-47.0,1,1,81536.0,11.308812183937764,6.70808408385307,2,3,1,Contenders,0.9672740795834883,-0.526097608995253,12.029411764705882,1,-0.36872407903909915,1
Salvador Oria,ESP,812,89,0.0,0.0,0.0,0.0,0.0,homme,59.0,27.0,611.0,625.0,28.0,3.0,1.847457627118644,5.0,20.0,-0.011634486343026437,0.4576271186440678,-14.0,0.4,0.5,0.3,0.0,0.3333333333333333,0.6153846153846154,0.3333333333333333,5.0,0.2,0.0,0.0,0.0,1,30,0.0,0.0,6.70073110954781,2,3,2,Contenders,0.9669021941242097,-0.509275075480142,13.76271186440678,1,-0.3663466193286461,1
Adam Axelsson,SWE,810,90,0.0,0.0,0.0,0.0,0.0,homme,10.0,4.0,117.0,127.0,4.0,2.0,2.5,6.0,5.0,-0.053519815045039144,0.4,-10.0,0.6,0.6666666666666666,0.0,0.0,0.5,0.0,0.42857142857142855,3.0,0.3333333333333333,-19.0,611.0,-38.0,1,93,0.0,0.0,6.698268054115413,2,1,0,Contenders,0.9665303086649312,-0.5665303086649311,81.0,1,-0.36895634651610965,1
Enrique Goenaga,ESP,1060,60,0.0,0.0,0.0,0.0,0.0,homme,87.0,47.0,907.0,888.0,39.0,3.0,1.8735632183908046,4.0,35.0,0.012858400846550735,0.5402298850574713,19.0,0.5714285714285714,0.5733333333333334,0.3333333333333333,0.5402298850574713,0.6785714285714286,0.5714285714285714,0.3333333333333333,8.0,0.125,-10.333333333333334,498.0,-31.0,1,30,0.0,0.0,6.966967138613983,2,3,2,Contenders,0.9776868724432874,-0.4374569873858162,12.183908045977011,1,-0.37967496733985334,1
Jesus Moya,ESP,728,93,48375.0,13434.0,58126.0,9244.0,2952.0,homme,42.0,24.0,427.0,409.0,18.0,3.0,1.6428571428571428,3.0,16.0,0.07656957778213758,0.5714285714285714,18.0,0.625,0.5641025641025641,0.6666666666666666,0.5714285714285714,0.7,0.5,0.0,9.0,0.1111111111111111,0.0,0.0,0.0,1,30,132131.0,11.791556701901591,6.591673732008658,2,3,1,Contenders,0.9654146522870956,-0.39398608085852416,17.333333333333332,1,-0.3815451695008089,1
Simone Cremona,ITA,709,94,0.0,0.0,0.0,0.0,0.0,homme,15.0,4.0,117.0,184.0,7.0,3.0,1.6666666666666667,3.0,7.0,-0.23784739083329176,0.26666666666666666,-67.0,0.14285714285714285,0.15384615384615385,1.0,0.26666666666666666,0.125,0.0,0.75,5.0,0.2,-28.333333333333332,231.0,-85.0,1,49,0.0,0.0,6.565264970035361,0,1,0,Regulars,0.965042766827817,-0.6983761001611504,47.266666666666666,1,-0.40087354477068304,1
Alejandro Jerez Carnero,ESP,696,95,0.0,0.0,0.0,0.0,0.0,homme,9.0,3.0,92.0,98.0,5.0,1.0,1.8888888888888888,3.0,2.0,-0.045846067624652015,0.3333333333333333,-6.0,0.5,0.42857142857142855,0.0,0.3333333333333333,0.3333333333333333,0.2,0.5,3.0,0.3333333333333333,-32.0,666.0,-64.0,1,30,0.0,0.0,6.546785410760524,2,1,0,Contenders,0.9646708813685385,-0.6313375480352053,77.33333333333333,1,-0.37433833248517123,1
Simon Vasquez,SWE,694,96,0.0,0.0,0.0,0.0,0.0,homme,9.0,2.0,98.0,114.0,5.0,2.0,2.0,6.0,3.0,-0.07292522885333191,0.2222222222222222,-16.0,0.3333333333333333,0.2857142857142857,0.0,0.0,0.25,0.0,0.3333333333333333,4.0,0.25,-29.333333333333332,304.0,-88.0,1,93,0.0,0.0,6.543911845564792,0,1,0,Regulars,0.9642989959092599,-0.7420767736870377,77.11111111111111,1,-0.39770004018365934,1
Boris Castro Garcia,ESP,691,97,0.0,0.0,0.0,0.0,0.0,homme,5.0,2.0,59.0,57.0,3.0,2.0,2.2,3.0,2.0,0.10209369577790631,0.4,2.0,0.0,0.25,1.0,0.4,0.4,0.4,0.4,2.0,0.5,-2.5,508.0,-5.0,1,30,0.0,0.0,6.539585955617669,0,1,0,Regulars,0.9639271104499814,-0.5639271104499813,138.2,1,-0.420538658770836,1
Jaume Romera Barcelo,ESP,646,98,0.0,0.0,0.0,0.0,0.0,homme,3.0,3.0,44.0,19.0,2.0,1.0,2.6666666666666665,3.0,1.0,0.5086021505376345,1.0,25.0,1.0,1.0,1.0,1.0,1.0,1.0,1.0,1.0,1.0,-1.5,635.0,-3.0,1,30,0.0,0.0,6.472346294500901,2,1,2,Contenders,0.9635552249907029,0.0364447750092971,215.33333333333334,-1,-0.5746866445123482,-1
Luciano Capra,ARG,596,100,0.0,0.0,0.0,0.0,0.0,homme,74.0,38.0,869.0,886.0,30.0,3.0,2.1486486486486487,4.0,34.0,-0.01591181356579966,0.5135135135135135,-17.0,0.5588235294117647,0.5714285714285714,0.3333333333333333,0.5135135135135135,0.8275862068965517,0.25,0.4117647058823529,6.0,0.16666666666666666,0.0,0.0,0.0,1,1,0.0,0.0,6.391917113392602,2,3,2,Contenders,0.9628114540721457,-0.44929794055863226,8.054054054054054,1,-0.37121201820589556,1
Jose Rico,ESP,578,101,0.0,0.0,0.0,0.0,0.0,homme,58.0,25.0,566.0,564.0,26.0,3.0,1.7586206896551724,4.0,18.0,-0.01962782924237128,0.43103448275862066,2.0,0.3888888888888889,0.4807692307692308,0.0,0.43103448275862066,0.47368421052631576,0.4666666666666667,0.2222222222222222,7.0,0.14285714285714285,-23.333333333333332,-1082.0,-70.0,1,30,0.0,0.0,6.361302477572996,2,3,2,Contenders,0.9624395686128673,-0.5314050858542466,9.96551724137931,1,-0.36863962215047164,1
Juan Ignacio De Pascual,ARG,571,102,0.0,0.0,0.0,0.0,0.0,homme,6.0,4.0,79.0,45.0,3.0,2.0,1.8333333333333333,3.0,3.0,0.27656395891690005,0.6666666666666666,34.0,1.0,0.8,0.0,0.6666666666666666,0.5,0.75,0.6666666666666666,2.0,0.5,0.0,0.0,0.0,1,1,0.0,0.0,6.349138991379798,2,1,2,Contenders,0.9620676831535887,-0.2954010164869221,95.16666666666667,1,-0.4620082892380427,1
Ferran Insa Sotillo,ESP,569,103,0.0,0.0,0.0,0.0,0.0,homme,9.0,1.0,75.0,121.0,4.0,3.0,1.3333333333333333,2.0,4.0,-0.22701361246252885,0.1111111111111111,-46.0,0.0,0.1111111111111111,0.1111111111111111,0.1111111111111111,0.0,0.25,0.0,4.0,0.25,-19.666666666666668,427.0,-59.0,1,30,0.0,0.0,6.345636360828596,0,1,0,Regulars,0.9616957976943101,-0.850584686583199,63.22222222222222,1,-0.41565675468094315,1
Mariano Agustin Gonzalez San Martin,PAR,567,104,0.0,0.0,0.0,0.0,0.0,homme,4.0,1.0,38.0,47.0,3.0,1.0,2.25,3.0,2.0,-0.12071846282372599,0.25,-9.0,0.0,0.3333333333333333,0.0,0.25,0.25,0.0,0.3333333333333333,2.0,0.5,-50.5,171.0,-101.0,1,74,0.0,0.0,6.342121418721152,0,1,0,Regulars,0.9613239122350317,-0.7113239122350317,141.75,1,-0.42390897205835537,1
Juan Zamora Perez,ESP,565,105,0.0,0.0,0.0,0.0,0.0,homme,3.0,1.0,37.0,32.0,2.0,1.0,2.0,3.0,1.0,0.08127807441308585,0.3333333333333333,5.0,0.0,0.5,0.0,0.3333333333333333,0.3333333333333333,0.0,0.5,2.0,0.5,0.0,0.0,0.0,1,30,0.0,0.0,6.338594078203183,0,1,0,Regulars,0.9609520267757531,-0.6276186934424197,188.33333333333334,1,-0.45669714743244294,1
Adrian Marques Berdonce,ESP,549,106,0.0,0.0,0.0,0.0,0.0,homme,15.0,5.0,133.0,140.0,9.0,2.0,1.5333333333333334,3.0,2.0,-0.0016451656832782047,0.3333333333333333,-7.0,0.5,0.35714285714285715,0.0,0.3333333333333333,0.375,0.2857142857142857,0.3333333333333333,5.0,0.2,0.0,0.0,0.0,1,30,0.0,0.0,6.309918278226516,2,1,0,Contenders,0.9605801413164745,-0.6272468079831413,36.6,1,-0.3710816020312141,1
Alberto Garcia Jimenez,ESP,549,106,0.0,0.0,0.0,0.0,0.0,homme,3.0,2.0,32.0,37.0,2.0,1.0,2.3333333333333335,3.0,1.0,-0.08666666666666667,0.6666666666666666,-5.0,1.0,0.5,1.0,0.6666666666666666,0.6666666666666666,0.0,1.0,1.0,1.0,81.5,424.0,163.0,1,30,0.0,0.0,6.309918278226516,2,1,2,Contenders,0.9605801413164745,-0.2939134746498079,183.0,1,-0.4593490295283563,1
Daniel Santigosa Sastre,ESP,942,76,0.0,0.0,0.0,0.0,0.0,homme,32.0,13.0,294.0,310.0,20.0,3.0,1.625,3.0,9.0,-0.018149292864821493,0.40625,-16.0,0.5555555555555556,0.41935483870967744,0.0,0.40625,0.6666666666666666,0.391304347826087,0.0,9.0,0.1111111111111111,-12.666666666666666,578.0,-38.0,1,30,0.0,0.0,6.849066282633458,2,3,2,Contenders,0.9717367050948308,-0.5654867050948308,29.4375,1,-0.3601170040018392,1
Arnau Ayats,UAE,512,109,0.0,0.0,0.0,0.0,0.0,homme,60.0,32.0,611.0,615.0,27.0,3.0,1.85,4.0,24.0,0.025060562962170397,0.5333333333333333,-4.0,0.4166666666666667,0.5769230769230769,0.25,0.5333333333333333,0.7142857142857143,0.5,0.38095238095238093,6.0,0.16666666666666666,0.0,0.0,0.0,1,98,0.0,0.0,6.240275845170769,2,3,2,Contenders,0.9594644849386389,-0.42613115160530557,8.533333333333333,1,-0.373511321953319,1
Ramiro Moyano,ARG,502,110,0.0,0.0,0.0,0.0,0.0,homme,61.0,31.0,636.0,623.0,24.0,3.0,1.8032786885245902,4.0,25.0,-0.0024612883798805995,0.5081967213114754,13.0,0.44,0.5555555555555556,0.14285714285714285,0.5081967213114754,0.6551724137931034,0.42857142857142855,0.2727272727272727,4.0,0.25,0.0,0.0,0.0,1,1,0.0,0.0,6.220590170099739,2,3,2,Contenders,0.9590925994793603,-0.4508958781678849,8.229508196721312,1,-0.3700479333092912,1
Javier Rico,ESP,500,111,0.0,0.0,0.0,0.0,0.0,homme,61.0,35.0,712.0,617.0,21.0,3.0,2.0,4.0,26.0,0.08119414414574262,0.5737704918032787,95.0,0.5384615384615384,0.625,0.38461538461538464,0.5737704918032787,0.6551724137931034,0.5714285714285714,0.36363636363636365,8.0,0.125,0.0,0.0,0.0,1,30,0.0,0.0,6.2166061010848646,2,3,2,Contenders,0.9587207140200819,-0.3849502222168032,8.19672131147541,1,-0.4060033863319934,1
Simone Iacovino,ITA,489,113,0.0,0.0,0.0,0.0,0.0,homme,7.0,3.0,24.0,63.0,2.0,2.0,1.7142857142857142,3.0,0.0,-0.40476190476190477,0.42857142857142855,-39.0,0.42857142857142855,0.5,0.0,0.42857142857142855,0.5,0.42857142857142855,0.0,2.0,0.5,12.0,483.0,24.0,1,49,0.0,0.0,6.194405391104672,2,1,0,Contenders,0.9579769431015247,-0.5294055145300962,69.85714285714286,1,-0.42434995186727137,1
Rodrigo Coello Manso,ESP,487,114,0.0,0.0,0.0,0.0,0.0,homme,5.0,1.0,57.0,67.0,2.0,2.0,2.2,3.0,3.0,-0.06454887218045112,0.2,-10.0,0.3333333333333333,0.0,1.0,0.2,0.2,0.2,0.2,3.0,0.3333333333333333,-11.0,483.0,-22.0,1,30,0.0,0.0,6.1903154058531475,0,1,0,Regulars,0.9576050576422462,-0.7576050576422462,97.4,1,-0.4161242446654828,1
Manuel Aragon Herrera,ESP,485,115,0.0,0.0,0.0,0.0,0.0,homme,7.0,3.0,72.0,77.0,3.0,1.0,3.0,5.0,2.0,-0.057457391558774044,0.42857142857142855,-5.0,0.5,0.6666666666666666,0.3333333333333333,0.0,0.42857142857142855,0.42857142857142855,0.42857142857142855,1.0,1.0,0.0,0.0,0.0,1,30,0.0,0.0,6.186208623900494,2,1,0,Contenders,0.9572331721829677,-0.5286617436115391,69.28571428571429,1,-0.36389968941370526,1
Pedro Melendez Amaya,ESP,484,116,0.0,0.0,0.0,0.0,0.0,homme,29.0,12.0,254.0,287.0,9.0,3.0,1.8275862068965518,3.0,12.0,-0.04427645077857497,0.41379310344827586,-33.0,0.25,0.5,0.0,0.41379310344827586,0.4666666666666667,0.45454545454545453,0.0,2.0,0.5,-13.0,454.0,-39.0,1,30,0.0,0.0,6.184148890937483,2,1,0,Contenders,0.9568612867236891,-0.5430681832754132,16.689655172413794,1,-0.36797677316552163,1
Christian Medina Murphy,GBR,477,117,0.0,0.0,0.0,0.0,0.0,homme,3.0,2.0,32.0,37.0,2.0,1.0,2.3333333333333335,3.0,1.0,-0.08666666666666667,0.6666666666666666,-5.0,1.0,0.5,1.0,0.6666666666666666,0.6666666666666666,0.0,1.0,1.0,1.0,95.5,339.0,191.0,1,34,0.0,0.0,6.169610732491456,2,1,2,Contenders,0.9564894012644105,-0.2898227345977439,159.0,1,-0.4587721954286107,1
Pepe Aliaga,ESP,473,118,0.0,0.0,0.0,0.0,0.0,homme,3.0,0.0,24.0,40.0,3.0,2.0,1.3333333333333333,2.0,1.0,-0.25240968032730043,0.0,-16.0,0.0,0.0,0.0,0.0,0.0,0.0,0.0,3.0,0.3333333333333333,-33.0,122.0,-99.0,1,30,0.0,0.0,6.161207321695077,0,1,0,Regulars,0.956117515805132,-0.956117515805132,157.66666666666666,1,-0.4569035269941412,1
Diego Gil,ESP,455,121,0.0,0.0,0.0,0.0,0.0,homme,36.0,10.0,330.0,427.0,18.0,3.0,1.4166666666666667,3.0,16.0,-0.15972419239976185,0.2777777777777778,-97.0,0.4375,0.29411764705882354,0.0,0.2777777777777778,0.1875,0.3333333333333333,0.4,10.0,0.1,-23.0,-470.0,-69.0,1,30,0.0,0.0,6.1224928095143865,2,1,2,Contenders,0.9550018594272964,-0.6772240816495186,12.63888888888889,1,-0.40654632058370826,1
Thijs Roper,NED,453,122,0.0,0.0,0.0,0.0,0.0,homme,4.0,3.0,43.0,26.0,2.0,1.0,2.75,4.0,2.0,0.2649001456209694,0.75,17.0,1.0,0.5,1.0,0.75,0.75,0.75,0.75,2.0,0.5,-44.5,440.0,-89.0,1,68,0.0,0.0,6.118097198041348,2,1,2,Contenders,0.9546299739680179,-0.20462997396801785,113.25,1,-0.4876680052230836,1
Clement Geens,BEL,744,92,0.0,0.0,0.0,0.0,0.0,homme,12.0,3.0,81.0,129.0,9.0,2.0,1.9166666666666667,3.0,0.0,-0.2644406676914417,0.25,-48.0,0.25,0.3,0.0,0.25,0.25,0.0,0.3333333333333333,6.0,0.16666666666666666,-15.666666666666666,354.0,-47.0,1,6,0.0,0.0,6.61338421837956,0,1,0,Regulars,0.9657865377463741,-0.7157865377463741,62.0,1,-0.39370837754765814,1
Johan Bergeron,FRA,444,125,0.0,0.0,0.0,0.0,0.0,homme,7.0,1.0,69.0,95.0,5.0,2.0,1.4285714285714286,2.0,3.0,-0.1966283746700261,0.14285714285714285,-26.0,0.3333333333333333,0.14285714285714285,0.14285714285714285,0.14285714285714285,0.3333333333333333,0.0,0.0,1.0,1.0,-39.0,294.0,-78.0,1,33,0.0,0.0,6.09807428216624,0,1,0,Regulars,0.9535143175901822,-0.8106571747330393,63.42857142857143,1,-0.4157479299292993,1
Bastien Blanque,FRA,441,126,0.0,0.0,0.0,0.0,0.0,homme,10.0,1.0,103.0,141.0,8.0,3.0,1.4,2.0,5.0,-0.2001398622690183,0.1,-38.0,0.2,0.1,0.1,0.1,0.25,0.0,0.0,2.0,0.5,0.0,0.0,0.0,1,33,0.0,0.0,6.091309882077698,0,1,0,Regulars,0.9531424321309037,-0.8531424321309037,44.1,1,-0.4193795559402269,1
Lorenzo Di Giovanni,ITA,441,126,0.0,0.0,0.0,0.0,0.0,homme,14.0,7.0,92.0,149.0,4.0,3.0,1.7857142857142858,3.0,5.0,-0.22332754964333912,0.5,-57.0,0.4,0.5384615384615384,0.0,0.5,0.5,0.6666666666666666,0.0,4.0,0.25,-33.666666666666664,79.0,-101.0,1,49,0.0,0.0,6.091309882077698,2,1,0,Contenders,0.9531424321309037,-0.45314243213090366,31.5,1,-0.3893296356584387,1
Sten Richters,NED,436,128,0.0,0.0,0.0,0.0,0.0,homme,4.0,1.0,36.0,48.0,3.0,2.0,2.0,3.0,1.0,-0.1932983682983683,0.25,-12.0,1.0,0.3333333333333333,0.0,0.25,0.25,0.0,0.3333333333333333,1.0,1.0,-14.0,295.0,-42.0,1,68,0.0,0.0,6.07993319509559,2,1,2,Contenders,0.9523986612123466,-0.7023986612123466,109.0,1,-0.45967631080889404,1
Dylan Guichard,FRA,428,130,0.0,0.0,0.0,0.0,0.0,homme,5.0,0.0,47.0,71.0,5.0,3.0,1.4,2.0,2.0,-0.26136363636363635,0.0,-24.0,0.0,0.0,0.0,0.0,0.0,0.0,0.0,3.0,0.3333333333333333,-36.333333333333336,233.0,-109.0,1,33,0.0,0.0,6.061456918928017,0,1,0,Regulars,0.9516548902937895,-0.9516548902937895,85.6,1,-0.41913400053474054,1
Fran Ramirez Navas,ESP,427,131,0.0,0.0,0.0,0.0,0.0,homme,12.0,3.0,102.0,153.0,7.0,2.0,1.75,3.0,5.0,-0.2525284509939241,0.25,-51.0,0.4,0.3,0.0,0.25,0.3333333333333333,0.0,0.5,4.0,0.25,-16.666666666666668,-27.0,-50.0,1,30,0.0,0.0,6.059123195581797,0,1,0,Regulars,0.951283004834511,-0.701283004834511,35.583333333333336,1,-0.39840531792477235,1
Giulio Graziotti,ITA,422,132,0.0,0.0,0.0,0.0,0.0,homme,8.0,0.0,57.0,101.0,4.0,2.0,1.375,2.0,1.0,-0.2917529625280239,0.0,-44.0,0.0,0.0,0.0,0.0,0.0,0.0,0.0,2.0,0.5,-19.333333333333332,25.0,-58.0,1,49,0.0,0.0,6.0473721790462776,0,1,0,Regulars,0.9509111193752324,-0.9509111193752324,52.75,1,-0.42117100633907983,1
Gustavo Nunes,POR,400,137,0.0,0.0,0.0,0.0,0.0,homme,11.0,2.0,57.0,123.0,7.0,2.0,1.5454545454545454,3.0,1.0,-0.35655541213350544,0.18181818181818182,-66.0,0.0,0.2222222222222222,0.0,0.18181818181818182,0.0,0.3333333333333333,0.3333333333333333,2.0,0.5,202.0,395.0,404.0,1,78,0.0,0.0,5.993961427306569,0,1,0,Regulars,0.9490516920788397,-0.7672335102606578,36.36363636363637,1,-0.47501862811354967,1
Rafael Mendez,ESP,521,108,0.0,0.0,0.0,0.0,0.0,homme,41.0,20.0,420.0,393.0,16.0,3.0,1.7317073170731707,3.0,18.0,0.0335763641018076,0.4878048780487805,27.0,0.7222222222222222,0.5714285714285714,0.0,0.4878048780487805,0.65,0.3125,0.4,8.0,0.125,-10.0,-493.0,-30.0,1,30,0.0,0.0,6.257667587882639,2,3,2,Contenders,0.9598363703979175,-0.472031492349137,12.707317073170731,1,-0.3779465326014022,1
Martin Abud,PAR,387,141,0.0,0.0,0.0,0.0,0.0,homme,3.0,0.0,18.0,36.0,3.0,1.0,2.0,2.0,1.0,-0.3079365079365079,0.0,-18.0,0.0,0.0,0.0,0.0,0.0,0.0,0.0,2.0,0.5,0.0,0.0,0.0,1,74,0.0,0.0,5.961005339623274,0,1,0,Regulars,0.9475641502417256,-0.9475641502417256,129.0,1,-0.43564179180368373,1
Christian Fuster,ESP,385,143,0.0,0.0,0.0,0.0,0.0,homme,3.0,0.0,23.0,40.0,3.0,2.0,1.3333333333333333,2.0,1.0,-0.3222020568663037,0.0,-17.0,0.0,0.0,0.0,0.0,0.0,0.0,0.0,3.0,0.3333333333333333,-40.666666666666664,91.0,-122.0,1,30,0.0,0.0,5.955837369464831,0,1,0,Regulars,0.9468203793231684,-0.9468203793231684,128.33333333333334,1,-0.439612773033315,1
Julian Lacamoire,ARG,384,144,0.0,0.0,0.0,0.0,0.0,homme,3.0,3.0,34.0,20.0,2.0,1.0,2.6666666666666665,3.0,1.0,0.3674127848356523,1.0,14.0,1.0,1.0,1.0,1.0,1.0,1.0,1.0,1.0,1.0,0.0,0.0,0.0,1,1,0.0,0.0,5.953243334287785,2,1,2,Contenders,0.94644849386389,0.05355150613611004,128.0,-1,-0.5434349902618147,-1
Manuel Gayone,ARG,382,146,0.0,0.0,0.0,0.0,0.0,homme,4.0,1.0,25.0,36.0,3.0,1.0,2.0,3.0,0.0,-0.2696078431372549,0.25,-11.0,0.25,0.3333333333333333,0.0,0.25,0.25,0.0,0.3333333333333333,2.0,0.5,0.0,0.0,0.0,1,1,0.0,0.0,5.948034989180646,0,1,0,Regulars,0.9457047229453328,-0.6957047229453328,95.5,1,-0.4028825938354351,1
Youssef Hossam,EGY,382,146,0.0,0.0,0.0,0.0,0.0,homme,9.0,5.0,75.0,72.0,5.0,2.0,2.0,3.0,1.0,-0.005406309573111618,0.5555555555555556,3.0,1.0,0.42857142857142855,1.0,0.5555555555555556,0.5555555555555556,0.5,0.6,3.0,0.3333333333333333,-51.5,306.0,-103.0,1,29,0.0,0.0,5.948034989180646,2,1,2,Contenders,0.9457047229453328,-0.39014916738977723,42.44444444444444,1,-0.41673515800324684,1
Miguel Angel Solbes,ESP,372,149,0.0,0.0,0.0,0.0,0.0,homme,29.0,10.0,282.0,287.0,10.0,3.0,1.4137931034482758,3.0,13.0,0.023078703801770954,0.3448275862068966,-5.0,0.23076923076923078,0.3076923076923077,0.6666666666666666,0.3448275862068966,0.47368421052631576,0.1111111111111111,0.0,8.0,0.125,-26.333333333333332,-321.0,-79.0,1,30,0.0,0.0,5.921578419643816,2,1,0,Contenders,0.9445890665674972,-0.5997614803606006,12.827586206896552,1,-0.3769143849614491,1
Miguel Gonzalez,ESP,370,150,0.0,0.0,0.0,0.0,0.0,homme,17.0,4.0,161.0,216.0,7.0,2.0,1.3529411764705883,3.0,12.0,-0.16586990233209983,0.23529411764705882,-55.0,0.25,0.25,0.0,0.23529411764705882,0.0,0.5,0.0,6.0,0.16666666666666666,-26.666666666666668,-174.0,-80.0,1,30,0.0,0.0,5.916202062607435,0,1,0,Regulars,0.9442171811082186,-0.7089230634611599,21.764705882352942,1,-0.3885262131763762,1
Victor Mena,ESP,370,150,0.0,0.0,0.0,0.0,0.0,homme,35.0,15.0,355.0,349.0,16.0,3.0,1.3714285714285714,2.0,9.0,0.03005745445404696,0.42857142857142855,6.0,0.5555555555555556,0.42857142857142855,0.42857142857142855,0.42857142857142855,0.5238095238095238,0.3333333333333333,0.0,10.0,0.1,0.0,0.0,0.0,1,30,0.0,0.0,5.916202062607435,2,1,2,Contenders,0.9442171811082186,-0.5156457525367901,10.571428571428571,1,-0.3633468678865913,1
Miguel Benitez Lara,ESP,368,152,0.0,0.0,0.0,0.0,0.0,homme,56.0,31.0,571.0,568.0,23.0,3.0,2.0357142857142856,4.0,21.0,-0.031002484505097967,0.5535714285714286,3.0,0.5238095238095238,0.6,0.36363636363636365,0.5535714285714286,0.7333333333333333,0.4117647058823529,0.2222222222222222,5.0,0.2,-26.333333333333332,-256.0,-79.0,1,30,0.0,0.0,5.910796644040527,2,1,2,Contenders,0.9434734101896616,-0.389901981618233,6.571428571428571,1,-0.3819149092794669,1
Facundo Rodrigo Luis Lopez,ARG,352,157,0.0,0.0,0.0,0.0,0.0,homme,5.0,2.0,54.0,52.0,3.0,2.0,1.6,2.0,1.0,0.01328221740121054,0.4,2.0,0.0,0.4,0.4,0.4,0.4,0.4,0.4,2.0,0.5,0.0,0.0,0.0,1,1,0.0,0.0,5.8664680569332965,0,1,0,Regulars,0.9416139828932689,-0.5416139828932689,70.4,1,-0.3965265393408989,1
Marcos Cordoba,ESP,338,161,0.0,0.0,0.0,0.0,0.0,homme,5.0,2.0,52.0,66.0,2.0,1.0,1.4,2.0,4.0,-0.19157894736842107,0.4,-14.0,0.5,0.4,0.4,0.4,0.5,0.0,0.4,1.0,1.0,-30.333333333333332,88.0,-91.0,1,30,0.0,0.0,5.82600010738045,2,1,0,Contenders,0.9401264410561547,-0.5401264410561547,67.6,1,-0.373571965287989,1
Axel William Guevara,ARG,336,162,0.0,0.0,0.0,0.0,0.0,homme,4.0,1.0,27.0,40.0,3.0,2.0,1.75,3.0,1.0,-0.2738183694530444,0.25,-13.0,0.0,0.3333333333333333,0.0,0.25,0.25,0.0,0.5,2.0,0.5,0.0,0.0,0.0,1,1,0.0,0.0,5.820082930352362,0,1,0,Regulars,0.9397545555968762,-0.6897545555968762,84.0,1,-0.4039071649818682,1
Thomas Leygue,FRA,329,165,0.0,0.0,0.0,0.0,0.0,homme,15.0,4.0,133.0,161.0,10.0,3.0,1.6666666666666667,2.0,7.0,-0.08631708332583851,0.26666666666666666,-28.0,0.14285714285714285,0.26666666666666666,0.26666666666666666,0.26666666666666666,0.3333333333333333,0.4,0.0,9.0,0.1111111111111111,-22.666666666666668,304.0,-68.0,1,33,0.0,0.0,5.799092654460526,0,1,0,Regulars,0.9386388992190405,-0.6719722325523738,21.933333333333334,1,-0.38125215038748167,1
Joao Maria Caiano,POR,328,167,0.0,0.0,0.0,0.0,0.0,homme,3.0,3.0,39.0,14.0,1.0,1.0,3.0,4.0,2.0,0.5198668608279592,1.0,25.0,1.0,1.0,1.0,1.0,1.0,1.0,1.0,1.0,1.0,0.0,0.0,0.0,1,78,0.0,0.0,5.796057750765372,2,1,2,Contenders,0.9378951283004835,0.062104871699516506,109.33333333333333,-1,-0.5572882156889506,-1
Jaime Munoz,ESP,328,167,0.0,0.0,0.0,0.0,0.0,homme,60.0,27.0,601.0,611.0,29.0,3.0,1.7833333333333334,3.0,20.0,0.011121123109950677,0.45,-10.0,0.65,0.5192307692307693,0.0,0.45,0.7391304347826086,0.3333333333333333,0.15384615384615385,8.0,0.125,-44.666666666666664,-877.0,-134.0,1,30,0.0,0.0,5.796057750765372,2,1,2,Contenders,0.9378951283004835,-0.4878951283004835,5.466666666666667,1,-0.38527950627691016,1
Antonio Luque,POR,324,169,0.0,0.0,0.0,0.0,0.0,homme,22.0,9.0,188.0,228.0,13.0,2.0,1.4090909090909092,2.0,5.0,-0.0692938255564828,0.4090909090909091,-40.0,0.0,0.4090909090909091,0.4090909090909091,0.4090909090909091,0.45454545454545453,0.4,0.0,3.0,0.3333333333333333,-33.333333333333336,-116.0,-100.0,1,78,0.0,0.0,5.783825182329737,0,1,0,Regulars,0.9371513573819263,-0.5280604482910172,14.727272727272727,1,-0.3969365341376933,1
Facundo Dehnike,PAR,323,172,0.0,0.0,0.0,0.0,0.0,homme,8.0,3.0,78.0,89.0,4.0,2.0,2.875,5.0,2.0,-0.09194188428059395,0.375,-11.0,0.5,0.5,0.3333333333333333,0.0,0.375,0.375,0.375,2.0,0.5,0.0,0.0,0.0,1,74,0.0,0.0,5.780743515792329,2,1,0,Contenders,0.9360357010040907,-0.5610357010040907,40.375,1,-0.367292629220285,1
Diego Arredondo Garcia,MEX,387,141,0.0,0.0,0.0,0.0,0.0,homme,5.0,1.0,28.0,54.0,4.0,2.0,2.0,3.0,1.0,-0.36423076923076925,0.2,-26.0,0.0,0.25,0.0,0.2,0.0,0.2,0.25,4.0,0.25,0.0,0.0,0.0,1,64,0.0,0.0,5.961005339623274,0,1,0,Regulars,0.9475641502417256,-0.7475641502417256,77.4,1,-0.41783746120330184,1
Menno Nolten,NED,315,175,0.0,0.0,0.0,0.0,0.0,homme,4.0,2.0,35.0,43.0,2.0,1.0,2.5,4.0,2.0,-0.20499917505362153,0.5,-8.0,0.5,0.5,0.5,0.5,0.5,0.0,0.6666666666666666,2.0,0.5,-67.5,-42.0,-135.0,1,68,0.0,0.0,5.755742213586912,2,1,0,Contenders,0.9349200446262551,-0.4349200446262551,78.75,1,-0.3937864266353747,1
Federico Chiostri,ARG,308,176,0.0,0.0,0.0,0.0,0.0,homme,3.0,1.0,37.0,44.0,2.0,2.0,2.0,3.0,2.0,-0.11587301587301586,0.3333333333333333,-7.0,0.5,0.5,0.0,0.3333333333333333,0.3333333333333333,0.3333333333333333,0.3333333333333333,2.0,0.5,0.0,0.0,0.0,1,1,0.0,0.0,5.733341276897746,2,1,0,Contenders,0.9345481591669765,-0.6012148258336432,102.66666666666667,1,-0.3817861494107986,1
Sergio Icardo,UAE,301,179,0.0,0.0,0.0,0.0,0.0,homme,12.0,3.0,104.0,132.0,4.0,3.0,1.25,2.0,3.0,-0.138857244120402,0.25,-28.0,0.0,0.25,0.25,0.25,0.25,0.25,0.25,3.0,0.3333333333333333,-41.333333333333336,-443.0,-124.0,1,98,0.0,0.0,5.71042701737487,0,1,0,Regulars,0.9334325027891409,-0.6834325027891409,25.083333333333332,1,-0.3900554280428548,1
Adrian Ronco Lopez,ESP,286,181,0.0,0.0,0.0,0.0,0.0,homme,3.0,1.0,16.0,30.0,3.0,2.0,1.3333333333333333,2.0,1.0,-0.23232323232323235,0.3333333333333333,-14.0,0.0,0.3333333333333333,0.3333333333333333,0.3333333333333333,0.0,1.0,0.3333333333333333,2.0,0.5,-54.0,76.0,-162.0,1,30,0.0,0.0,5.659482215759621,0,1,0,Regulars,0.9326887318705839,-0.5993553985372506,95.33333333333333,1,-0.4036347579200627,1
Daniel Windahl,SWE,279,183,0.0,0.0,0.0,0.0,0.0,homme,29.0,10.0,282.0,324.0,15.0,2.0,1.7586206896551724,3.0,10.0,-0.051319113287886714,0.3448275862068966,-42.0,0.1,0.37037037037037035,0.0,0.3448275862068966,0.35714285714285715,0.42857142857142855,0.25,3.0,0.3333333333333333,403.5,225.0,807.0,1,93,0.0,0.0,5.634789603169249,2,1,2,Contenders,0.9319449609520267,-0.5871173747451301,9.620689655172415,1,-0.470349783556514,1
Ivan Ramirez,ESP,277,184,0.0,0.0,0.0,0.0,0.0,homme,43.0,19.0,428.0,410.0,19.0,3.0,1.6046511627906976,3.0,16.0,0.019627648383842677,0.4418604651162791,18.0,0.6875,0.475,0.0,0.4418604651162791,0.5217391304347826,0.5,0.0,10.0,0.1,0.0,0.0,0.0,1,30,0.0,0.0,5.627621113690637,2,1,2,Contenders,0.9315730754927483,-0.4897126103764692,6.441860465116279,1,-0.3734537281327281,1
Pablo Castillo Valverde,ESP,276,185,0.0,0.0,0.0,0.0,0.0,homme,4.0,0.0,17.0,48.0,2.0,1.0,1.0,1.0,0.0,-0.5,0.0,-31.0,0.0,0.0,0.0,0.0,0.0,0.0,0.0,2.0,0.5,-44.666666666666664,-237.0,-134.0,1,30,0.0,0.0,5.6240175061873385,0,1,0,Regulars,0.9312011900334697,-0.9312011900334697,69.0,1,-0.43046636920820985,1
Pablo Molina Tofanelli,ARG,275,186,0.0,0.0,0.0,0.0,0.0,homme,3.0,0.0,28.0,39.0,3.0,1.0,2.0,3.0,2.0,-0.19058823529411764,0.0,-11.0,0.0,0.0,0.0,0.0,0.0,0.0,0.0,1.0,1.0,0.0,0.0,0.0,1,1,0.0,0.0,5.62040086571715,0,1,0,Regulars,0.9308293045741911,-0.9308293045741911,91.66666666666667,1,-0.41941834858947274,1
Pedro Araujo,POR,351,158,0.0,0.0,0.0,0.0,0.0,homme,3.0,1.0,23.0,29.0,2.0,2.0,1.3333333333333333,2.0,0.0,-0.12941176470588237,0.3333333333333333,-6.0,0.3333333333333333,0.3333333333333333,0.3333333333333333,0.3333333333333333,0.5,0.0,0.3333333333333333,2.0,0.5,-45.666666666666664,12.0,-137.0,1,78,0.0,0.0,5.863631175598097,0,1,0,Regulars,0.9412420974339903,-0.6079087641006571,117.0,1,-0.3903085437436288,1
Philemon Raichman,FRA,260,193,0.0,0.0,0.0,0.0,0.0,homme,4.0,2.0,37.0,43.0,2.0,1.0,2.75,4.0,2.0,-0.17241772141953632,0.5,-6.0,0.5,0.5,0.5,0.5,0.5,0.5,0.5,2.0,0.5,-62.666666666666664,230.0,-188.0,1,33,0.0,0.0,5.564520407322694,2,1,0,Contenders,0.9282261063592414,-0.4282261063592414,65.0,1,-0.3854514700241556,1
Gerard Arnaldos Serrano,ESP,258,195,0.0,0.0,0.0,0.0,0.0,homme,9.0,3.0,77.0,107.0,6.0,2.0,1.4444444444444444,3.0,4.0,-0.15700018728088233,0.3333333333333333,-30.0,0.5,0.375,0.0,0.3333333333333333,0.4,0.25,0.3333333333333333,5.0,0.2,63.5,153.0,127.0,1,30,0.0,0.0,5.556828061699537,2,1,0,Contenders,0.9274823354406843,-0.594149002107351,28.666666666666668,1,-0.3806142248775339,1
Cristobal Martinez,CHI,258,195,0.0,0.0,0.0,0.0,0.0,homme,4.0,0.0,32.0,51.0,4.0,2.0,1.75,3.0,2.0,-0.26794117647058824,0.0,-19.0,0.0,0.0,0.0,0.0,0.0,0.0,0.0,2.0,0.5,-59.5,212.0,-119.0,1,14,0.0,0.0,5.556828061699537,0,1,0,Regulars,0.9274823354406843,-0.9274823354406843,64.5,1,-0.4067314189285171,1
Jose Solano Marmolejo,ESP,254,200,0.0,0.0,0.0,0.0,0.0,homme,42.0,20.0,393.0,473.0,16.0,2.0,1.7142857142857142,3.0,23.0,-0.1503170515721539,0.47619047619047616,-80.0,0.43478260869565216,0.5263157894736842,0.0,0.47619047619047616,0.48,0.5384615384615384,0.25,4.0,0.25,-66.33333333333333,69.0,-199.0,1,30,0.0,0.0,5.541263545158426,2,1,2,Contenders,0.9256229081442916,-0.44943243195381544,6.0476190476190474,1,-0.40557398626990016,1
Toni Bueno,ESP,245,204,0.0,0.0,0.0,0.0,0.0,homme,29.0,13.0,281.0,312.0,16.0,3.0,1.4482758620689655,2.0,13.0,-0.026099533702755414,0.4482758620689655,-31.0,0.5384615384615384,0.4482758620689655,0.4482758620689655,0.4482758620689655,0.625,0.25,0.0,3.0,0.3333333333333333,-42.0,-184.0,-126.0,1,30,0.0,0.0,5.5053315359323625,2,1,2,Contenders,0.9241353663071774,-0.4758595042382119,8.448275862068966,1,-0.3707302697165651,1
Alfonso Sanchez Arriaga,ESP,320,174,0.0,0.0,0.0,0.0,0.0,homme,4.0,2.0,30.0,38.0,1.0,1.0,2.5,3.0,0.0,-0.16842105263157894,0.5,-8.0,0.5,1.0,0.0,0.5,0.5,0.5,0.5,1.0,1.0,0.0,0.0,0.0,1,30,0.0,0.0,5.771441123130016,2,1,0,Contenders,0.9352919300855337,-0.4352919300855337,80.0,1,-0.3796607988472142,1
Samuel Rivas Garcia,ESP,230,211,0.0,0.0,0.0,0.0,0.0,homme,6.0,4.0,58.0,53.0,2.0,1.0,2.5,3.0,2.0,-0.005191712312455354,0.6666666666666666,5.0,1.0,1.0,0.3333333333333333,0.6666666666666666,0.6666666666666666,0.6666666666666666,0.6666666666666666,2.0,0.5,0.0,0.0,0.0,1,30,0.0,0.0,5.442417710521793,2,1,2,Contenders,0.9215321680922276,-0.25486550142556097,38.333333333333336,1,-0.42902179689701403,1
Oscar Matias Almada,ARG,225,213,0.0,0.0,0.0,0.0,0.0,homme,3.0,0.0,31.0,41.0,3.0,2.0,1.3333333333333333,2.0,1.0,-0.15907804702371764,0.0,-10.0,0.0,0.0,0.0,0.0,0.0,0.0,0.0,1.0,1.0,0.0,0.0,0.0,1,1,0.0,0.0,5.420534999272286,0,1,0,Regulars,0.9207883971736706,-0.9207883971736706,75.0,1,-0.4142614610698453,1
Dylan Demian Cuello,ARG,223,215,0.0,0.0,0.0,0.0,0.0,homme,5.0,0.0,34.0,60.0,3.0,1.0,1.4,2.0,0.0,-0.2771929824561403,0.0,-26.0,0.0,0.0,0.0,0.0,0.0,0.0,0.0,2.0,0.5,-65.33333333333333,193.0,-196.0,1,1,0.0,0.0,5.4116460518550396,0,1,0,Regulars,0.9200446262551134,-0.9200446262551134,44.6,1,-0.4120190556661152,1
Jose Pablo Padilla,MEX,220,219,0.0,0.0,0.0,0.0,0.0,homme,4.0,1.0,27.0,42.0,3.0,2.0,1.75,3.0,1.0,-0.23384287925696595,0.25,-15.0,0.0,0.3333333333333333,0.0,0.25,0.0,0.25,0.5,3.0,0.3333333333333333,-53.5,201.0,-107.0,1,64,0.0,0.0,5.3981627015177525,0,1,0,Regulars,0.9185570844179992,-0.6685570844179992,55.0,1,-0.4009758811062082,1
Jose Roman Martinez Sanchis,ESP,219,220,0.0,0.0,0.0,0.0,0.0,homme,3.0,0.0,9.0,36.0,1.0,1.0,1.0,1.0,0.0,-0.6,0.0,-27.0,0.0,0.0,0.0,0.0,0.0,0.0,0.0,1.0,1.0,90.5,205.0,181.0,1,30,0.0,0.0,5.393627546352362,0,1,0,Regulars,0.9181851989587207,-0.9181851989587207,73.0,1,-0.47119693453530087,1
Daniele Cattaneo,ITA,207,230,0.0,0.0,0.0,0.0,0.0,homme,4.0,0.0,27.0,66.0,2.0,2.0,2.0,2.0,4.0,-0.4727272727272727,0.0,-39.0,0.0,0.0,0.0,0.0,0.0,0.0,0.0,2.0,0.5,-68.33333333333333,164.0,-205.0,1,49,0.0,0.0,5.337538079701318,0,1,0,Regulars,0.9144663443659353,-0.9144663443659353,51.75,1,-0.4408080075005777,1
Francisco Jurado Sosa,UAE,204,232,0.0,0.0,0.0,0.0,0.0,homme,6.0,2.0,50.0,56.0,1.0,2.0,1.3333333333333333,2.0,0.0,-0.14285714285714285,0.3333333333333333,-6.0,0.3333333333333333,0.3333333333333333,0.3333333333333333,0.3333333333333333,0.3333333333333333,0.3333333333333333,0.3333333333333333,1.0,1.0,0.0,0.0,0.0,1,98,0.0,0.0,5.3230099791384085,0,1,0,Regulars,0.9137225734473782,-0.5803892401140449,34.0,1,-0.3739905180837893,1
Cristian German Gutierrez,ARG,243,206,0.0,0.0,0.0,0.0,0.0,homme,43.0,14.0,355.0,460.0,24.0,3.0,1.4883720930232558,3.0,8.0,-0.14766352998047144,0.32558139534883723,-105.0,0.75,0.30952380952380953,1.0,0.32558139534883723,0.42105263157894735,0.35294117647058826,0.0,9.0,0.1111111111111111,0.0,0.0,0.0,1,1,0.0,0.0,5.497168225293202,2,1,2,Contenders,0.9233915953886203,-0.597810200039783,5.651162790697675,1,-0.4368015885697493,1
Carlos Marti,ESP,186,242,0.0,0.0,0.0,0.0,0.0,homme,29.0,15.0,269.0,249.0,8.0,3.0,1.6551724137931034,3.0,8.0,0.08768426762021296,0.5172413793103449,20.0,0.5,0.52,0.5,0.5172413793103449,0.5,0.5555555555555556,0.5172413793103449,3.0,0.3333333333333333,-53.0,-462.0,-159.0,1,30,0.0,0.0,5.231108616854587,2,1,2,Contenders,0.9100037188545927,-0.3927623395442479,6.413793103448276,1,-0.39641038382820354,1
Roger Aromi Siquier,ESP,153,267,0.0,0.0,0.0,0.0,0.0,homme,3.0,0.0,33.0,51.0,1.0,1.0,1.0,1.0,3.0,-0.21428571428571427,0.0,-18.0,0.0,0.0,0.0,0.0,0.0,0.0,0.0,1.0,1.0,-84.33333333333333,-215.0,-253.0,1,30,0.0,0.0,5.0369526024136295,0,1,0,Regulars,0.9007065823726292,-0.9007065823726292,51.0,1,-0.41771199439568185,1
Bram Meijer,NED,149,271,0.0,0.0,0.0,0.0,0.0,homme,4.0,1.0,36.0,48.0,3.0,2.0,2.0,3.0,1.0,-0.1932983682983683,0.25,-12.0,1.0,0.3333333333333333,0.0,0.25,0.25,0.0,0.3333333333333333,1.0,1.0,-61.666666666666664,14.0,-185.0,1,68,0.0,0.0,5.0106352940962555,2,1,2,Contenders,0.899219040535515,-0.649219040535515,37.25,1,-0.45071230954808267,1
Carlos Perez Cabeza,ESP,144,278,0.0,0.0,0.0,0.0,0.0,homme,9.0,1.0,70.0,106.0,6.0,2.0,1.1111111111111112,2.0,0.0,-0.19347556418494632,0.1111111111111111,-36.0,0.1111111111111111,0.1111111111111111,0.1111111111111111,0.1111111111111111,0.0,0.5,0.1111111111111111,3.0,0.3333333333333333,-61.666666666666664,-248.0,-185.0,1,30,0.0,0.0,4.976733742420574,0,1,0,Regulars,0.8966158423205652,-0.7855047312094541,16.0,1,-0.4187433560164404,1
Riccardo Sinicropi,ITA,134,290,0.0,0.0,0.0,0.0,0.0,homme,9.0,4.0,92.0,100.0,3.0,2.0,1.3333333333333333,2.0,2.0,-0.0025251162093267287,0.4444444444444444,-8.0,1.0,0.4444444444444444,0.4444444444444444,0.4444444444444444,0.0,0.6666666666666666,0.0,3.0,0.3333333333333333,-72.0,-235.0,-216.0,1,49,0.0,0.0,4.90527477843843,2,1,2,Contenders,0.8921532168092228,-0.44770877236477835,14.88888888888889,1,-0.42464436107737247,1
Jose David Sanchez,ESP,122,304,0.0,0.0,0.0,0.0,0.0,homme,31.0,8.0,281.0,333.0,15.0,3.0,1.5161290322580645,3.0,7.0,-0.10784505792784845,0.25806451612903225,-52.0,0.14285714285714285,0.27586206896551724,0.0,0.25806451612903225,0.29411764705882354,0.2,0.25,10.0,0.1,0.0,0.0,0.0,1,30,0.0,0.0,4.812184355372417,0,1,0,Regulars,0.8869468203793232,-0.6288823042502909,3.935483870967742,1,-0.4097636710653554,1
Sergio Alba,ESP,115,316,0.0,0.0,0.0,0.0,0.0,homme,12.0,2.0,101.0,149.0,7.0,2.0,1.3333333333333333,2.0,7.0,-0.22517297517297516,0.16666666666666666,-48.0,0.2857142857142857,0.16666666666666666,0.16666666666666666,0.16666666666666666,0.14285714285714285,0.25,0.0,3.0,0.3333333333333333,0.0,0.0,0.0,1,30,0.0,0.0,4.7535901911063645,0,1,0,Regulars,0.8824841948679807,-0.7158175282013141,9.583333333333334,1,-0.41785802462644184,1
Emiliano Martin Iriart,ITA,100,342,0.0,0.0,0.0,0.0,0.0,homme,13.0,4.0,131.0,171.0,7.0,3.0,1.4615384615384615,3.0,6.0,-0.18203836747374827,0.3076923076923077,-40.0,0.6666666666666666,0.25,1.0,0.3076923076923077,0.25,0.0,0.6666666666666666,3.0,0.3333333333333333,-83.0,-543.0,-249.0,1,49,0.0,0.0,4.61512051684126,2,1,0,Contenders,0.8728151729267386,-0.5651228652344309,7.6923076923076925,1,-0.41290078801853464,1
Mauro Agustin Salandro,ITA,100,342,0.0,0.0,0.0,0.0,0.0,homme,4.0,2.0,41.0,52.0,3.0,2.0,2.0,3.0,2.0,-0.19401459137603874,0.5,-11.0,1.0,0.3333333333333333,1.0,0.5,0.5,0.0,0.6666666666666666,2.0,0.5,-102.66666666666667,-199.0,-308.0,1,49,0.0,0.0,4.61512051684126,2,1,2,Contenders,0.8728151729267386,-0.3728151729267386,25.0,1,-0.452202210909444,1
Mohammed Saadon Alkuwari,QAT,93,359,0.0,0.0,0.0,0.0,0.0,homme,7.0,0.0,12.0,84.0,4.0,3.0,1.2857142857142858,2.0,0.0,-0.7569858712715856,0.0,-72.0,0.0,0.0,0.0,0.0,0.0,0.0,0.0,3.0,0.3333333333333333,0.0,0.0,0.0,1,80,0.0,0.0,4.543294782270004,0,1,0,Regulars,0.8664931201190034,-0.8664931201190034,13.285714285714286,-1,-0.4932444817128218,1
Benjamin Tison,FRA,106,332,0.0,0.0,0.0,0.0,0.0,homme,11.0,2.0,107.0,136.0,5.0,2.0,1.1818181818181819,2.0,1.0,-0.1509217125585412,0.18181818181818182,-29.0,0.0,0.18181818181818182,0.18181818181818182,0.18181818181818182,0.0,0.5,0.18181818181818182,4.0,0.25,-133.0,-635.0,-266.0,1,33,0.0,0.0,4.672828834461906,0,1,0,Regulars,0.876534027519524,-0.6947158457013423,9.636363636363637,1,-0.42335156419460473,1
Abdulla Alhijji,QAT,69,425,0.0,0.0,0.0,0.0,0.0,homme,6.0,0.0,6.0,72.0,3.0,3.0,1.1666666666666667,2.0,0.0,-0.8498168498168498,0.0,-66.0,0.0,0.0,0.0,0.0,0.0,0.0,0.0,2.0,0.5,0.0,0.0,0.0,1,80,0.0,0.0,4.248495242049359,0,1,0,Regulars,0.8419486798066196,-0.8419486798066196,11.5,-1,-0.49530844299830057,1
Aitor Garcia,ESP,68,430,0.0,0.0,0.0,0.0,0.0,homme,14.0,6.0,140.0,136.0,6.0,2.0,1.2857142857142858,2.0,2.0,0.024772609272541973,0.42857142857142855,4.0,1.0,0.42857142857142855,0.42857142857142855,0.42857142857142855,0.5,0.3333333333333333,0.42857142857142855,4.0,0.25,0.0,0.0,0.0,1,30,0.0,0.0,4.23410650459726,2,1,2,Contenders,0.8400892525102268,-0.41151782393879827,4.857142857142857,1,-0.4381991606965808,1
Raul Marcos,ESP,62,456,32846.0,3180.0,32402.0,7200.0,4421.0,homme,24.0,12.0,239.0,256.0,8.0,2.0,1.625,3.0,9.0,-0.09843583317267528,0.5,-17.0,0.7777777777777778,0.5217391304347826,0.0,0.5,0.5555555555555556,0.3333333333333333,0.3333333333333333,6.0,0.16666666666666666,0.0,0.0,0.0,1,30,80049.0,11.29040671842486,4.143134726391533,2,1,1,Contenders,0.8304202305689847,-0.33042023056898473,2.5833333333333335,1,-0.42592068496747876,1
Ricardo Martinez,ESP,59,471,0.0,0.0,0.0,0.0,0.0,homme,3.0,0.0,28.0,41.0,2.0,1.0,1.0,1.0,1.0,-0.2076966610073571,0.0,-13.0,0.0,0.0,0.0,0.0,0.0,0.0,0.0,2.0,0.5,0.0,0.0,0.0,1,30,0.0,0.0,4.0943445622221,0,1,0,Regulars,0.8248419486798066,-0.8248419486798066,19.666666666666668,1,-0.4323716993137227,1
Mohammed Al Khanji,QAT,51,510,0.0,0.0,0.0,0.0,0.0,homme,4.0,0.0,2.0,48.0,1.0,2.0,1.0,1.0,0.0,-0.9230769230769231,0.0,-46.0,0.0,0.0,0.0,0.0,0.0,0.0,0.0,1.0,1.0,0.0,0.0,0.0,1,80,0.0,0.0,3.9512437185814275,0,1,0,Regulars,0.8103384157679434,-0.8103384157679434,12.75,-1,-0.495876929086591,1
Jaime Fermosell Delgado,ESP,32,649,0.0,0.0,0.0,0.0,0.0,homme,11.0,4.0,99.0,117.0,4.0,3.0,1.6363636363636365,2.0,3.0,-0.2688663808281033,0.36363636363636365,-18.0,1.0,0.36363636363636365,0.36363636363636365,0.36363636363636365,0.4,0.36363636363636365,0.0,4.0,0.25,-186.33333333333334,-751.0,-559.0,1,30,0.0,0.0,3.4965075614664802,2,1,2,Contenders,0.7586463369282261,-0.3950099732918625,2.909090909090909,-1,-0.5013143296068208,1
Mohamed Aboulkassem,EGY,26,731,0.0,0.0,0.0,0.0,0.0,homme,4.0,2.0,30.0,28.0,1.0,1.0,1.5,2.0,0.0,-0.10144927536231883,0.5,2.0,0.5,0.5,0.5,0.5,0.5,0.5,0.5,1.0,1.0,0.0,0.0,0.0,1,29,0.0,0.0,3.295836866004329,2,1,2,Contenders,0.7281517292673856,-0.22815172926738558,6.5,1,-0.4435698515366902,1
Jorge Ruiz,ESP,22,790,0.0,0.0,0.0,0.0,0.0,homme,37.0,11.0,291.0,398.0,17.0,2.0,1.4054054054054055,2.0,11.0,-0.18137607703129047,0.2972972972972973,-107.0,0.09090909090909091,0.2972972972972973,0.2972972972972973,0.2972972972972973,0.29411764705882354,0.35294117647058826,0.0,6.0,0.16666666666666666,-249.33333333333334,-722.0,-748.0,1,30,0.0,0.0,3.1354942159291497,0,1,0,Regulars,0.7062104871699517,-0.4089131898726544,0.5945945945945946,-1,-0.5024878413040518,-1
Adria Mercadal,ESP,22,790,0.0,0.0,0.0,0.0,0.0,homme,12.0,3.0,118.0,159.0,5.0,2.0,1.25,2.0,6.0,-0.2211869170847499,0.25,-41.0,0.16666666666666666,0.25,0.25,0.25,0.1111111111111111,0.6666666666666666,0.25,2.0,0.5,-233.0,-557.0,-699.0,1,30,0.0,0.0,3.1354942159291497,0,1,0,Regulars,0.7062104871699517,-0.4562104871699517,1.8333333333333333,1,-0.46298112961713855,1
Jabor Al-Mutawa,QAT,16,931,0.0,0.0,0.0,0.0,0.0,homme,4.0,0.0,2.0,48.0,1.0,2.0,1.0,1.0,0.0,-0.9230769230769231,0.0,-46.0,0.0,0.0,0.0,0.0,0.0,0.0,0.0,1.0,1.0,0.0,0.0,0.0,1,80,0.0,0.0,2.833213344056216,1,1,0,Newcomers,0.6537746374116772,-0.6537746374116772,4.0,-1,-0.535211751910559,-1
Jeremy Scatena,FRA,15,959,0.0,0.0,0.0,0.0,0.0,homme,3.0,0.0,27.0,39.0,1.0,1.0,1.0,1.0,0.0,-0.1818181818181818,0.0,-12.0,0.0,0.0,0.0,0.0,0.0,0.0,0.0,1.0,1.0,-292.6666666666667,-629.0,-878.0,1,33,0.0,0.0,2.772588722239781,0,1,0,Regulars,0.6433618445518781,-0.6433618445518781,5.0,-1,-0.4970866282568604,-1
Pedro Vera,ESP,7,1477,0.0,0.0,0.0,0.0,0.0,homme,4.0,0.0,21.0,48.0,2.0,1.0,1.0,1.0,0.0,-0.39999999999999997,0.0,-27.0,0.0,0.0,0.0,0.0,0.0,0.0,0.0,2.0,0.5,-465.0,-668.0,-1395.0,1,30,0.0,0.0,2.0794415416798357,1,1,0,Newcomers,0.4507251766455932,-0.4507251766455932,1.75,-1,-0.5929719296209909,-1
Miguel Semmler,ESP,722,943,0.0,0.0,0.0,0.0,0.0,homme,37.0,21.0,404.0,374.0,16.0,2.0,1.6216216216216217,3.0,14.0,0.008036220150557716,0.5675675675675675,30.0,0.6428571428571429,0.5833333333333334,0.0,0.5675675675675675,0.6818181818181818,0.5,0.2,5.0,0.2,-453.0,-483.0,-906.0,1,30,0.0,0.0,6.583409222158765,2,1,0,Contenders,0.6493120119003347,-0.08174444433276717,19.513513513513512,-1,-0.560686654089308,-1
Arnau Ayats Delgado,ESP,706,843,0.0,0.0,0.0,0.0,0.0,homme,7.0,4.0,74.0,66.0,2.0,1.0,1.4285714285714286,2.0,4.0,0.07650444793301936,0.5714285714285714,8.0,1.0,0.5714285714285714,0.5714285714285714,0.5714285714285714,0.5,1.0,0.5714285714285714,2.0,0.5,-414.0,298.0,-828.0,1,30,0.0,0.0,6.561030665896573,2,1,0,Contenders,0.6865005578281889,-0.11507198639961747,100.85714285714286,-1,-0.5645726049758047,1
Ruben Rivera,ESP,582,640,0.0,0.0,0.0,0.0,0.0,homme,11.0,3.0,115.0,145.0,4.0,2.0,1.1818181818181819,2.0,6.0,-0.1824712892261443,0.2727272727272727,-30.0,0.16666666666666666,0.2727272727272727,0.2727272727272727,0.2727272727272727,0.1111111111111111,1.0,0.2727272727272727,1.0,1.0,-274.5,20.0,-549.0,1,30,0.0,0.0,6.368187186350492,0,1,0,Regulars,0.761993306061733,-0.4892660333344603,52.90909090909091,1,-0.4528170215681357,1
Salva Oria,ESP,554,708,0.0,0.0,0.0,0.0,0.0,homme,6.0,3.0,87.0,76.0,3.0,1.0,1.1666666666666667,2.0,4.0,0.10308972073677956,0.5,11.0,0.25,0.5,0.5,0.5,0.25,1.0,0.5,2.0,0.5,-316.0,-422.0,-632.0,1,30,0.0,0.0,6.318968113746434,0,1,0,Regulars,0.736705094830792,-0.23670509483079205,92.33333333333333,-1,-0.5068642485176597,-1
Jose Maria Mouliaa,ESP,301,302,0.0,0.0,0.0,0.0,0.0,femme,4.0,0.0,22.0,51.0,2.0,1.0,1.0,1.0,1.0,-0.425,0.0,-29.0,0.0,0.0,0.0,0.0,0.0,0.0,0.0,1.0,1.0,0.0,0.0,0.0,0,30,0.0,0.0,5.71042701737487,0,1,0,Regulars,0.8876905912978803,-0.8876905912978803,75.25,1,-0.43128746851495625,1
Jose Carlos Gaspar,ESP,202,431,0.0,0.0,0.0,0.0,0.0,homme,4.0,0.0,22.0,51.0,2.0,1.0,1.0,1.0,1.0,-0.425,0.0,-29.0,0.0,0.0,0.0,0.0,0.0,0.0,0.0,1.0,1.0,-176.0,139.0,-352.0,1,30,0.0,0.0,5.313205979041787,0,1,0,Regulars,0.8397173670509483,-0.8397173670509483,50.5,1,-0.46867095535848236,1
Ali Alsaygh,QAT,89,75,0.0,0.0,0.0,0.0,0.0,femme,4.0,0.0,10.0,48.0,1.0,2.0,1.0,1.0,0.0,-0.6571428571428571,0.0,-38.0,0.0,0.0,0.0,0.0,0.0,0.0,0.0,2.0,0.5,0.0,0.0,0.0,0,80,0.0,0.0,4.499809670330265,0,1,0,Regulars,0.9721085905541094,-0.9721085905541094,22.25,1,-0.4620021403084116,1
Rayan Abdulla,QAT,89,75,0.0,0.0,0.0,0.0,0.0,femme,3.0,0.0,4.0,36.0,2.0,2.0,1.0,1.0,0.0,-0.8095238095238096,0.0,-32.0,0.0,0.0,0.0,0.0,0.0,0.0,0.0,2.0,0.5,0.0,0.0,0.0,0,80,0.0,0.0,4.499809670330265,0,1,0,Regulars,0.9721085905541094,-0.9721085905541094,29.666666666666668,1,-0.4805733556161606,1
Michele Bruno,ITA,179,305,0.0,0.0,0.0,0.0,0.0,homme,3.0,0.0,12.0,36.0,1.0,1.0,1.0,1.0,0.0,-0.5,0.0,-24.0,0.0,0.0,0.0,0.0,0.0,0.0,0.0,1.0,1.0,-128.0,158.0,-256.0,1,49,0.0,0.0,5.19295685089021,0,1,0,Regulars,0.8865749349200447,-0.8865749349200447,59.666666666666664,1,-0.4597664048194056,1
David Gala,ESP,34,788,0.0,0.0,0.0,0.0,0.0,homme,26.0,11.0,278.0,281.0,13.0,1.0,1.7692307692307692,3.0,10.0,-0.025786074442315617,0.4230769230769231,-3.0,0.6,0.4782608695652174,0.0,0.4230769230769231,0.25,0.5625,0.16666666666666666,4.0,0.25,0.0,0.0,0.0,1,30,0.0,0.0,3.5553480614894135,2,1,2,Contenders,0.7069542580885088,-0.2838773350115857,1.3076923076923077,1,-0.4299345228283454,-1
Javier Ruiz Gonzalez,ESP,32,736,0.0,0.0,0.0,0.0,0.0,homme,16.0,5.0,153.0,178.0,9.0,1.0,1.5625,3.0,5.0,-0.07724170715456974,0.3125,-25.0,0.2,0.3333333333333333,0.0,0.3125,0.4,0.3333333333333333,0.2,1.0,1.0,-352.0,-1803.0,-704.0,1,30,0.0,0.0,3.4965075614664802,0,1,0,Regulars,0.7262923019709929,-0.4137923019709929,2.0,1,-0.46480904052816596,-1
Francisco Manuel Gil Morales,ESP,73,955,0.0,0.0,0.0,0.0,0.0,homme,23.0,16.0,247.0,228.0,12.0,1.0,1.9565217391304348,3.0,6.0,0.055216095232248144,0.6956521739130435,19.0,0.6666666666666666,0.8,0.0,0.6956521739130435,0.8571428571428571,0.875,0.375,3.0,0.3333333333333333,0.0,0.0,0.0,1,30,0.0,0.0,4.30406509320417,2,1,2,Contenders,0.6448493863889921,0.05080278752405132,3.1739130434782608,-1,-0.5233167633994328,-1
Fernando Belasteguin,ARG,5870,4,0.0,0.0,0.0,0.0,0.0,homme,63.0,27.0,729.0,759.0,24.0,2.0,2.8095238095238093,6.0,31.0,-0.006791655669989043,0.42857142857142855,-30.0,0.41935483870967744,0.40540540540540543,0.5555555555555556,0.25,0.36,0.42857142857142855,0.5294117647058824,6.0,0.16666666666666666,0.0,0.0,0.0,1,1,0.0,0.0,8.677780256064185,2,3,2,Contenders,0.9985124581628858,-0.5699410295914573,93.17460317460318,1,-0.3985258188220448,1
Alejandro Ruiz Granados,ESP,5175,10,0.0,0.0,0.0,0.0,0.0,homme,18.0,12.0,231.0,225.0,12.0,1.0,2.1666666666666665,3.0,6.0,0.003679448167400272,0.6666666666666666,6.0,0.5,0.8,0.0,0.6666666666666666,1.0,0.6,0.5,3.0,0.3333333333333333,0.0,0.0,0.0,1,30,0.0,0.0,8.551787836180736,2,3,2,Contenders,0.9962811454072146,-0.32961447874054794,287.5,1,-0.4619505171259402,-1
Juan Manuel Restivo,ITA,9,83,0.0,0.0,0.0,0.0,0.0,homme,3.0,2.0,29.0,30.0,2.0,1.0,1.3333333333333333,2.0,2.0,0.27225806451612905,0.6666666666666666,-1.0,0.5,0.6666666666666666,0.6666666666666666,0.6666666666666666,1.0,0.0,0.6666666666666666,2.0,0.5,0.0,0.0,0.0,1,49,0.0,0.0,2.302585092994046,2,1,2,Contenders,0.969133506879881,-0.30246684021321435,3.0,1,-0.4417254441058329,1
Jorge Nieto Ruiz,ESP,2785,25,0.0,0.0,0.0,0.0,0.0,homme,25.0,14.0,301.0,220.0,14.0,1.0,2.52,5.0,5.0,0.2188115297731996,0.56,81.0,0.0,0.5294117647058824,0.7142857142857143,0.0,0.25,0.6666666666666666,0.6363636363636364,1.0,1.0,0.0,0.0,0.0,1,30,0.0,0.0,7.932362154339751,2,3,2,Contenders,0.9907028635180365,-0.43070286351803644,111.4,-1,-0.49472519685241356,-1
Pablo Lima,BRA,5905,10,43162.0,6746.0,43312.0,5357.0,4021.0,homme,7.0,6.0,72.0,79.0,4.0,1.0,2.0,2.0,3.0,-0.054424522845575474,0.8571428571428571,-7.0,1.0,0.8571428571428571,0.8571428571428571,0.8571428571428571,1.0,0.5,0.8571428571428571,2.0,0.5,0.0,0.0,0.0,1,9,102598.0,11.538583465082613,8.683724062303869,2,1,1,Contenders,0.9962811454072146,-0.13913828826435748,843.5714285714286,-1,-0.627160469545264,-1
Cristian Jensen Sirvent,ITA,4,35,0.0,0.0,0.0,0.0,0.0,homme,3.0,0.0,21.0,36.0,1.0,1.0,1.0,1.0,0.0,-0.2631578947368421,0.0,-15.0,0.0,0.0,0.0,0.0,0.0,0.0,0.0,1.0,1.0,0.0,0.0,0.0,1,49,0.0,0.0,1.6094379124341003,0,1,0,Regulars,0.9869840089252511,-0.9869840089252511,1.3333333333333333,1,-0.45809598226762327,1
